date,value
"2009-01-03 00:00:00",1
"2009-01-09 00:00:00",14
"2009-01-10 00:00:00",61
"2009-01-11 00:00:00",93
"2009-01-12 00:00:00",101
"2009-01-13 00:00:00",123
"2009-01-14 00:00:00",130
"2009-01-15 00:00:00",134
"2009-01-16 00:00:00",110
"2009-01-17 00:00:00",109
"2009-01-18 00:00:00",108
"2009-01-19 00:00:00",117
"2009-01-20 00:00:00",115
"2009-01-21 00:00:00",103
"2009-01-22 00:00:00",92
"2009-01-23 00:00:00",86
"2009-01-24 00:00:00",202
"2009-01-25 00:00:00",192
"2009-01-26 00:00:00",97
"2009-01-27 00:00:00",98
"2009-01-28 00:00:00",112
"2009-01-29 00:00:00",122
"2009-01-30 00:00:00",117
"2009-01-31 00:00:00",139
"2009-02-01 00:00:00",114
"2009-02-02 00:00:00",129
"2009-02-03 00:00:00",155
"2009-02-04 00:00:00",119
"2009-02-05 00:00:00",126
"2009-02-06 00:00:00",122
"2009-02-07 00:00:00",133
"2009-02-08 00:00:00",133
"2009-02-09 00:00:00",135
"2009-02-10 00:00:00",120
"2009-02-11 00:00:00",135
"2009-02-12 00:00:00",119
"2009-02-13 00:00:00",124
"2009-02-14 00:00:00",136
"2009-02-15 00:00:00",131
"2009-02-16 00:00:00",123
"2009-02-17 00:00:00",117
"2009-02-18 00:00:00",118
"2009-02-19 00:00:00",125
"2009-02-20 00:00:00",122
"2009-02-21 00:00:00",114
"2009-02-22 00:00:00",125
"2009-02-23 00:00:00",108
"2009-02-24 00:00:00",106
"2009-02-25 00:00:00",105
"2009-02-26 00:00:00",107
"2009-02-27 00:00:00",116
"2009-02-28 00:00:00",100
"2009-03-01 00:00:00",105
"2009-03-02 00:00:00",108
"2009-03-03 00:00:00",107
"2009-03-04 00:00:00",106
"2009-03-05 00:00:00",113
"2009-03-06 00:00:00",117
"2009-03-07 00:00:00",109
"2009-03-08 00:00:00",118
"2009-03-09 00:00:00",108
"2009-03-10 00:00:00",107
"2009-03-11 00:00:00",114
"2009-03-12 00:00:00",119
"2009-03-13 00:00:00",114
"2009-03-14 00:00:00",110
"2009-03-15 00:00:00",123
"2009-03-16 00:00:00",122
"2009-03-17 00:00:00",114
"2009-03-18 00:00:00",116
"2009-03-19 00:00:00",122
"2009-03-20 00:00:00",119
"2009-03-21 00:00:00",50
"2009-03-22 00:00:00",121
"2009-03-23 00:00:00",130
"2009-03-24 00:00:00",105
"2009-03-25 00:00:00",117
"2009-03-26 00:00:00",118
"2009-03-27 00:00:00",106
"2009-03-28 00:00:00",122
"2009-03-29 00:00:00",116
"2009-03-30 00:00:00",120
"2009-03-31 00:00:00",111
"2009-04-01 00:00:00",114
"2009-04-02 00:00:00",115
"2009-04-03 00:00:00",116
"2009-04-04 00:00:00",113
"2009-04-05 00:00:00",132
"2009-04-06 00:00:00",109
"2009-04-07 00:00:00",100
"2009-04-08 00:00:00",105
"2009-04-09 00:00:00",99
"2009-04-10 00:00:00",108
"2009-04-11 00:00:00",121
"2009-04-12 00:00:00",120
"2009-04-13 00:00:00",116
"2009-04-14 00:00:00",124
"2009-04-15 00:00:00",113
"2009-04-16 00:00:00",123
"2009-04-17 00:00:00",112
"2009-04-18 00:00:00",130
"2009-04-19 00:00:00",120
"2009-04-20 00:00:00",121
"2009-04-21 00:00:00",124
"2009-04-22 00:00:00",121
"2009-04-23 00:00:00",75
"2009-04-24 00:00:00",115
"2009-04-25 00:00:00",118
"2009-04-26 00:00:00",114
"2009-04-27 00:00:00",104
"2009-04-28 00:00:00",117
"2009-04-29 00:00:00",129
"2009-04-30 00:00:00",131
"2009-05-01 00:00:00",121
"2009-05-02 00:00:00",128
"2009-05-03 00:00:00",109
"2009-05-04 00:00:00",129
"2009-05-05 00:00:00",136
"2009-05-06 00:00:00",135
"2009-05-07 00:00:00",122
"2009-05-08 00:00:00",107
"2009-05-09 00:00:00",78
"2009-05-10 00:00:00",85
"2009-05-11 00:00:00",121
"2009-05-12 00:00:00",130
"2009-05-13 00:00:00",116
"2009-05-14 00:00:00",142
"2009-05-15 00:00:00",137
"2009-05-16 00:00:00",119
"2009-05-17 00:00:00",127
"2009-05-18 00:00:00",118
"2009-05-19 00:00:00",86
"2009-05-20 00:00:00",120
"2009-05-21 00:00:00",82
"2009-05-22 00:00:00",61
"2009-05-23 00:00:00",32
"2009-05-24 00:00:00",100
"2009-05-25 00:00:00",109
"2009-05-26 00:00:00",125
"2009-05-27 00:00:00",119
"2009-05-28 00:00:00",95
"2009-05-29 00:00:00",107
"2009-05-30 00:00:00",109
"2009-05-31 00:00:00",96
"2009-06-01 00:00:00",72
"2009-06-02 00:00:00",111
"2009-06-03 00:00:00",71
"2009-06-04 00:00:00",66
"2009-06-05 00:00:00",30
"2009-06-06 00:00:00",28
"2009-06-07 00:00:00",16
"2009-06-08 00:00:00",82
"2009-06-09 00:00:00",91
"2009-06-10 00:00:00",82
"2009-06-11 00:00:00",89
"2009-06-12 00:00:00",86
"2009-06-13 00:00:00",78
"2009-06-14 00:00:00",72
"2009-06-15 00:00:00",84
"2009-06-16 00:00:00",71
"2009-06-17 00:00:00",79
"2009-06-18 00:00:00",80
"2009-06-19 00:00:00",87
"2009-06-20 00:00:00",78
"2009-06-21 00:00:00",81
"2009-06-22 00:00:00",77
"2009-06-23 00:00:00",76
"2009-06-24 00:00:00",97
"2009-06-25 00:00:00",69
"2009-06-26 00:00:00",90
"2009-06-27 00:00:00",84
"2009-06-28 00:00:00",47
"2009-06-29 00:00:00",84
"2009-06-30 00:00:00",86
"2009-07-01 00:00:00",75
"2009-07-02 00:00:00",84
"2009-07-03 00:00:00",82
"2009-07-04 00:00:00",89
"2009-07-05 00:00:00",79
"2009-07-06 00:00:00",84
"2009-07-07 00:00:00",69
"2009-07-08 00:00:00",74
"2009-07-09 00:00:00",86
"2009-07-10 00:00:00",81
"2009-07-11 00:00:00",83
"2009-07-12 00:00:00",77
"2009-07-13 00:00:00",78
"2009-07-14 00:00:00",69
"2009-07-15 00:00:00",45
"2009-07-16 00:00:00",71
"2009-07-17 00:00:00",47
"2009-07-18 00:00:00",4
"2009-07-19 00:00:00",70
"2009-07-20 00:00:00",71
"2009-07-21 00:00:00",82
"2009-07-22 00:00:00",60
"2009-07-23 00:00:00",76
"2009-07-24 00:00:00",73
"2009-07-25 00:00:00",32
"2009-07-26 00:00:00",21
"2009-07-27 00:00:00",74
"2009-07-28 00:00:00",41
"2009-07-29 00:00:00",20
"2009-07-30 00:00:00",16
"2009-07-31 00:00:00",17
"2009-08-01 00:00:00",28
"2009-08-02 00:00:00",23
"2009-08-03 00:00:00",12
"2009-08-04 00:00:00",81
"2009-08-05 00:00:00",87
"2009-08-06 00:00:00",90
"2009-08-07 00:00:00",81
"2009-08-08 00:00:00",80
"2009-08-09 00:00:00",101
"2009-08-10 00:00:00",75
"2009-08-11 00:00:00",70
"2009-08-12 00:00:00",63
"2009-08-13 00:00:00",85
"2009-08-14 00:00:00",63
"2009-08-15 00:00:00",26
"2009-08-16 00:00:00",19
"2009-08-17 00:00:00",17
"2009-08-18 00:00:00",10
"2009-08-19 00:00:00",18
"2009-08-20 00:00:00",22
"2009-08-21 00:00:00",14
"2009-08-22 00:00:00",7
"2009-08-23 00:00:00",15
"2009-08-24 00:00:00",15
"2009-08-25 00:00:00",50
"2009-08-26 00:00:00",51
"2009-08-27 00:00:00",29
"2009-08-28 00:00:00",75
"2009-08-29 00:00:00",78
"2009-08-30 00:00:00",98
"2009-08-31 00:00:00",87
"2009-09-01 00:00:00",78
"2009-09-02 00:00:00",66
"2009-09-03 00:00:00",62
"2009-09-04 00:00:00",64
"2009-09-05 00:00:00",76
"2009-09-06 00:00:00",68
"2009-09-07 00:00:00",79
"2009-09-08 00:00:00",69
"2009-09-09 00:00:00",54
"2009-09-10 00:00:00",67
"2009-09-11 00:00:00",67
"2009-09-12 00:00:00",69
"2009-09-13 00:00:00",75
"2009-09-14 00:00:00",74
"2009-09-15 00:00:00",44
"2009-09-16 00:00:00",73
"2009-09-17 00:00:00",85
"2009-09-18 00:00:00",78
"2009-09-19 00:00:00",74
"2009-09-20 00:00:00",78
"2009-09-21 00:00:00",70
"2009-09-22 00:00:00",26
"2009-09-23 00:00:00",36
"2009-09-24 00:00:00",97
"2009-09-25 00:00:00",93
"2009-09-26 00:00:00",100
"2009-09-27 00:00:00",88
"2009-09-28 00:00:00",85
"2009-09-29 00:00:00",90
"2009-09-30 00:00:00",85
"2009-10-01 00:00:00",82
"2009-10-02 00:00:00",73
"2009-10-03 00:00:00",58
"2009-10-04 00:00:00",53
"2009-10-05 00:00:00",55
"2009-10-06 00:00:00",45
"2009-10-07 00:00:00",60
"2009-10-08 00:00:00",70
"2009-10-09 00:00:00",79
"2009-10-10 00:00:00",77
"2009-10-11 00:00:00",74
"2009-10-12 00:00:00",59
"2009-10-13 00:00:00",57
"2009-10-14 00:00:00",69
"2009-10-15 00:00:00",71
"2009-10-16 00:00:00",61
"2009-10-17 00:00:00",57
"2009-10-18 00:00:00",75
"2009-10-19 00:00:00",112
"2009-10-20 00:00:00",96
"2009-10-21 00:00:00",81
"2009-10-22 00:00:00",91
"2009-10-23 00:00:00",89
"2009-10-24 00:00:00",63
"2009-10-25 00:00:00",76
"2009-10-26 00:00:00",71
"2009-10-27 00:00:00",65
"2009-10-28 00:00:00",66
"2009-10-29 00:00:00",48
"2009-10-30 00:00:00",60
"2009-10-31 00:00:00",46
"2009-11-01 00:00:00",25
"2009-11-02 00:00:00",33
"2009-11-03 00:00:00",62
"2009-11-04 00:00:00",64
"2009-11-05 00:00:00",57
"2009-11-06 00:00:00",62
"2009-11-07 00:00:00",69
"2009-11-08 00:00:00",73
"2009-11-09 00:00:00",64
"2009-11-10 00:00:00",78
"2009-11-11 00:00:00",73
"2009-11-12 00:00:00",66
"2009-11-13 00:00:00",83
"2009-11-14 00:00:00",79
"2009-11-15 00:00:00",96
"2009-11-16 00:00:00",97
"2009-11-17 00:00:00",92
"2009-11-18 00:00:00",79
"2009-11-19 00:00:00",72
"2009-11-20 00:00:00",86
"2009-11-21 00:00:00",73
"2009-11-22 00:00:00",106
"2009-11-23 00:00:00",96
"2009-11-24 00:00:00",93
"2009-11-25 00:00:00",90
"2009-11-26 00:00:00",84
"2009-11-27 00:00:00",74
"2009-11-28 00:00:00",71
"2009-11-29 00:00:00",60
"2009-11-30 00:00:00",75
"2009-12-01 00:00:00",74
"2009-12-02 00:00:00",94
"2009-12-03 00:00:00",88
"2009-12-04 00:00:00",36
"2009-12-05 00:00:00",65
"2009-12-06 00:00:00",105
"2009-12-07 00:00:00",112
"2009-12-08 00:00:00",107
"2009-12-09 00:00:00",109
"2009-12-10 00:00:00",104
"2009-12-11 00:00:00",112
"2009-12-12 00:00:00",112
"2009-12-13 00:00:00",114
"2009-12-14 00:00:00",107
"2009-12-15 00:00:00",112
"2009-12-16 00:00:00",137
"2009-12-17 00:00:00",172
"2009-12-18 00:00:00",225
"2009-12-19 00:00:00",199
"2009-12-20 00:00:00",175
"2009-12-21 00:00:00",176
"2009-12-22 00:00:00",162
"2009-12-23 00:00:00",154
"2009-12-24 00:00:00",154
"2009-12-25 00:00:00",150
"2009-12-26 00:00:00",174
"2009-12-27 00:00:00",168
"2009-12-28 00:00:00",137
"2009-12-29 00:00:00",171
"2009-12-30 00:00:00",141
"2009-12-31 00:00:00",138
"2010-01-01 00:00:00",134
"2010-01-02 00:00:00",126
"2010-01-03 00:00:00",186
"2010-01-04 00:00:00",183
"2010-01-05 00:00:00",198
"2010-01-06 00:00:00",163
"2010-01-07 00:00:00",154
"2010-01-08 00:00:00",153
"2010-01-09 00:00:00",151
"2010-01-10 00:00:00",190
"2010-01-11 00:00:00",159
"2010-01-12 00:00:00",161
"2010-01-13 00:00:00",166
"2010-01-14 00:00:00",145
"2010-01-15 00:00:00",142
"2010-01-16 00:00:00",126
"2010-01-17 00:00:00",131
"2010-01-18 00:00:00",126
"2010-01-19 00:00:00",124
"2010-01-20 00:00:00",158
"2010-01-21 00:00:00",184
"2010-01-22 00:00:00",136
"2010-01-23 00:00:00",162
"2010-01-24 00:00:00",155
"2010-01-25 00:00:00",215
"2010-01-26 00:00:00",201
"2010-01-27 00:00:00",166
"2010-01-28 00:00:00",179
"2010-01-29 00:00:00",201
"2010-01-30 00:00:00",214
"2010-01-31 00:00:00",167
"2010-02-01 00:00:00",193
"2010-02-02 00:00:00",146
"2010-02-03 00:00:00",272
"2010-02-04 00:00:00",234
"2010-02-05 00:00:00",227
"2010-02-06 00:00:00",206
"2010-02-07 00:00:00",222
"2010-02-08 00:00:00",208
"2010-02-09 00:00:00",210
"2010-02-10 00:00:00",173
"2010-02-11 00:00:00",174
"2010-02-12 00:00:00",188
"2010-02-13 00:00:00",235
"2010-02-14 00:00:00",219
"2010-02-15 00:00:00",185
"2010-02-16 00:00:00",201
"2010-02-17 00:00:00",250
"2010-02-18 00:00:00",215
"2010-02-19 00:00:00",195
"2010-02-20 00:00:00",210
"2010-02-21 00:00:00",227
"2010-02-22 00:00:00",265
"2010-02-23 00:00:00",251
"2010-02-24 00:00:00",177
"2010-02-25 00:00:00",158
"2010-02-26 00:00:00",176
"2010-02-27 00:00:00",175
"2010-02-28 00:00:00",159
"2010-03-01 00:00:00",199
"2010-03-02 00:00:00",193
"2010-03-03 00:00:00",158
"2010-03-04 00:00:00",188
"2010-03-05 00:00:00",173
"2010-03-06 00:00:00",183
"2010-03-07 00:00:00",183
"2010-03-08 00:00:00",130
"2010-03-09 00:00:00",148
"2010-03-10 00:00:00",169
"2010-03-11 00:00:00",136
"2010-03-12 00:00:00",123
"2010-03-13 00:00:00",154
"2010-03-14 00:00:00",127
"2010-03-15 00:00:00",140
"2010-03-16 00:00:00",129
"2010-03-17 00:00:00",139
"2010-03-18 00:00:00",149
"2010-03-19 00:00:00",162
"2010-03-20 00:00:00",204
"2010-03-21 00:00:00",190
"2010-03-22 00:00:00",186
"2010-03-23 00:00:00",220
"2010-03-24 00:00:00",182
"2010-03-25 00:00:00",202
"2010-03-26 00:00:00",213
"2010-03-27 00:00:00",184
"2010-03-28 00:00:00",192
"2010-03-29 00:00:00",207
"2010-03-30 00:00:00",221
"2010-03-31 00:00:00",214
"2010-04-01 00:00:00",179
"2010-04-02 00:00:00",161
"2010-04-03 00:00:00",166
"2010-04-04 00:00:00",183
"2010-04-05 00:00:00",181
"2010-04-06 00:00:00",174
"2010-04-07 00:00:00",204
"2010-04-08 00:00:00",195
"2010-04-09 00:00:00",224
"2010-04-10 00:00:00",298
"2010-04-11 00:00:00",265
"2010-04-12 00:00:00",247
"2010-04-13 00:00:00",209
"2010-04-14 00:00:00",223
"2010-04-15 00:00:00",290
"2010-04-16 00:00:00",234
"2010-04-17 00:00:00",250
"2010-04-18 00:00:00",3351
"2010-04-19 00:00:00",276
"2010-04-20 00:00:00",243
"2010-04-21 00:00:00",251
"2010-04-22 00:00:00",199
"2010-04-23 00:00:00",200
"2010-04-24 00:00:00",202
"2010-04-25 00:00:00",205
"2010-04-26 00:00:00",211
"2010-04-27 00:00:00",233
"2010-04-28 00:00:00",227
"2010-04-29 00:00:00",180
"2010-04-30 00:00:00",170
"2010-05-01 00:00:00",210
"2010-05-02 00:00:00",180
"2010-05-03 00:00:00",188
"2010-05-04 00:00:00",177
"2010-05-05 00:00:00",162
"2010-05-06 00:00:00",177
"2010-05-07 00:00:00",158
"2010-05-08 00:00:00",182
"2010-05-09 00:00:00",183
"2010-05-10 00:00:00",157
"2010-05-11 00:00:00",130
"2010-05-12 00:00:00",159
"2010-05-13 00:00:00",167
"2010-05-14 00:00:00",153
"2010-05-15 00:00:00",113
"2010-05-16 00:00:00",133
"2010-05-17 00:00:00",178
"2010-05-18 00:00:00",223
"2010-05-19 00:00:00",207
"2010-05-20 00:00:00",237
"2010-05-21 00:00:00",235
"2010-05-22 00:00:00",226
"2010-05-23 00:00:00",309
"2010-05-24 00:00:00",250
"2010-05-25 00:00:00",254
"2010-05-26 00:00:00",287
"2010-05-27 00:00:00",267
"2010-05-28 00:00:00",277
"2010-05-29 00:00:00",239
"2010-05-30 00:00:00",200
"2010-05-31 00:00:00",194
"2010-06-01 00:00:00",183
"2010-06-02 00:00:00",194
"2010-06-03 00:00:00",235
"2010-06-04 00:00:00",173
"2010-06-05 00:00:00",190
"2010-06-06 00:00:00",200
"2010-06-07 00:00:00",209
"2010-06-08 00:00:00",223
"2010-06-09 00:00:00",220
"2010-06-10 00:00:00",217
"2010-06-11 00:00:00",247
"2010-06-12 00:00:00",213
"2010-06-13 00:00:00",239
"2010-06-14 00:00:00",257
"2010-06-15 00:00:00",269
"2010-06-16 00:00:00",192
"2010-06-17 00:00:00",204
"2010-06-18 00:00:00",193
"2010-06-19 00:00:00",214
"2010-06-20 00:00:00",228
"2010-06-21 00:00:00",242
"2010-06-22 00:00:00",227
"2010-06-23 00:00:00",257
"2010-06-24 00:00:00",240
"2010-06-25 00:00:00",210
"2010-06-26 00:00:00",201
"2010-06-27 00:00:00",234
"2010-06-28 00:00:00",230
"2010-06-29 00:00:00",264
"2010-06-30 00:00:00",273
"2010-07-01 00:00:00",284
"2010-07-02 00:00:00",241
"2010-07-03 00:00:00",286
"2010-07-04 00:00:00",224
"2010-07-05 00:00:00",252
"2010-07-06 00:00:00",208
"2010-07-07 00:00:00",218
"2010-07-08 00:00:00",223
"2010-07-09 00:00:00",268
"2010-07-10 00:00:00",240
"2010-07-11 00:00:00",353
"2010-07-12 00:00:00",2300
"2010-07-13 00:00:00",1479
"2010-07-14 00:00:00",6132
"2010-07-15 00:00:00",1330
"2010-07-16 00:00:00",1181
"2010-07-17 00:00:00",408
"2010-07-18 00:00:00",420
"2010-07-19 00:00:00",528
"2010-07-20 00:00:00",594
"2010-07-21 00:00:00",463
"2010-07-22 00:00:00",397
"2010-07-23 00:00:00",411
"2010-07-24 00:00:00",894
"2010-07-25 00:00:00",1823
"2010-07-26 00:00:00",467
"2010-07-27 00:00:00",426
"2010-07-28 00:00:00",1951
"2010-07-29 00:00:00",1867
"2010-07-30 00:00:00",325
"2010-07-31 00:00:00",295
"2010-08-01 00:00:00",364
"2010-08-02 00:00:00",398
"2010-08-03 00:00:00",648
"2010-08-04 00:00:00",439
"2010-08-05 00:00:00",515
"2010-08-06 00:00:00",359
"2010-08-07 00:00:00",273
"2010-08-08 00:00:00",391
"2010-08-09 00:00:00",424
"2010-08-10 00:00:00",340
"2010-08-11 00:00:00",412
"2010-08-12 00:00:00",392
"2010-08-13 00:00:00",516
"2010-08-14 00:00:00",434
"2010-08-15 00:00:00",315
"2010-08-16 00:00:00",453
"2010-08-17 00:00:00",318
"2010-08-18 00:00:00",377
"2010-08-19 00:00:00",325
"2010-08-20 00:00:00",423
"2010-08-21 00:00:00",342
"2010-08-22 00:00:00",366
"2010-08-23 00:00:00",369
"2010-08-24 00:00:00",379
"2010-08-25 00:00:00",365
"2010-08-26 00:00:00",368
"2010-08-27 00:00:00",294
"2010-08-28 00:00:00",339
"2010-08-29 00:00:00",260
"2010-08-30 00:00:00",329
"2010-08-31 00:00:00",441
"2010-09-01 00:00:00",380
"2010-09-02 00:00:00",321
"2010-09-03 00:00:00",319
"2010-09-04 00:00:00",274
"2010-09-05 00:00:00",311
"2010-09-06 00:00:00",278
"2010-09-07 00:00:00",282
"2010-09-08 00:00:00",339
"2010-09-09 00:00:00",324
"2010-09-10 00:00:00",360
"2010-09-11 00:00:00",305
"2010-09-12 00:00:00",379
"2010-09-13 00:00:00",436
"2010-09-14 00:00:00",424
"2010-09-15 00:00:00",430
"2010-09-16 00:00:00",438
"2010-09-17 00:00:00",361
"2010-09-18 00:00:00",399
"2010-09-19 00:00:00",355
"2010-09-20 00:00:00",465
"2010-09-21 00:00:00",810
"2010-09-22 00:00:00",673
"2010-09-23 00:00:00",655
"2010-09-24 00:00:00",501
"2010-09-25 00:00:00",532
"2010-09-26 00:00:00",400
"2010-09-27 00:00:00",603
"2010-09-28 00:00:00",491
"2010-09-29 00:00:00",975
"2010-09-30 00:00:00",365
"2010-10-01 00:00:00",584
"2010-10-02 00:00:00",501
"2010-10-03 00:00:00",377
"2010-10-04 00:00:00",407
"2010-10-05 00:00:00",371
"2010-10-06 00:00:00",407
"2010-10-07 00:00:00",340
"2010-10-08 00:00:00",363
"2010-10-09 00:00:00",401
"2010-10-10 00:00:00",363
"2010-10-11 00:00:00",342
"2010-10-12 00:00:00",352
"2010-10-13 00:00:00",364
"2010-10-14 00:00:00",367
"2010-10-15 00:00:00",328
"2010-10-16 00:00:00",441
"2010-10-17 00:00:00",457
"2010-10-18 00:00:00",579
"2010-10-19 00:00:00",924
"2010-10-20 00:00:00",713
"2010-10-21 00:00:00",552
"2010-10-22 00:00:00",602
"2010-10-23 00:00:00",517
"2010-10-24 00:00:00",552
"2010-10-25 00:00:00",410
"2010-10-26 00:00:00",518
"2010-10-27 00:00:00",568
"2010-10-28 00:00:00",486
"2010-10-29 00:00:00",467
"2010-10-30 00:00:00",426
"2010-10-31 00:00:00",307
"2010-11-01 00:00:00",351
"2010-11-02 00:00:00",286
"2010-11-03 00:00:00",347
"2010-11-04 00:00:00",342
"2010-11-05 00:00:00",442
"2010-11-06 00:00:00",394
"2010-11-07 00:00:00",451
"2010-11-08 00:00:00",515
"2010-11-09 00:00:00",409
"2010-11-10 00:00:00",397
"2010-11-11 00:00:00",395
"2010-11-12 00:00:00",286
"2010-11-13 00:00:00",343
"2010-11-14 00:00:00",416
"2010-11-15 00:00:00",4871
"2010-11-16 00:00:00",9105
"2010-11-17 00:00:00",435
"2010-11-18 00:00:00",1494
"2010-11-19 00:00:00",9632
"2010-11-20 00:00:00",9731
"2010-11-21 00:00:00",10044
"2010-11-22 00:00:00",343
"2010-11-23 00:00:00",341
"2010-11-24 00:00:00",3936
"2010-11-25 00:00:00",4983
"2010-11-26 00:00:00",1314
"2010-11-27 00:00:00",445
"2010-11-28 00:00:00",454
"2010-11-29 00:00:00",454
"2010-11-30 00:00:00",454
"2010-12-01 00:00:00",512
"2010-12-02 00:00:00",460
"2010-12-03 00:00:00",384
"2010-12-04 00:00:00",418
"2010-12-05 00:00:00",434
"2010-12-06 00:00:00",465
"2010-12-07 00:00:00",573
"2010-12-08 00:00:00",523
"2010-12-09 00:00:00",486
"2010-12-10 00:00:00",373
"2010-12-11 00:00:00",550
"2010-12-12 00:00:00",643
"2010-12-13 00:00:00",646
"2010-12-14 00:00:00",653
"2010-12-15 00:00:00",642
"2010-12-16 00:00:00",531
"2010-12-17 00:00:00",462
"2010-12-18 00:00:00",499
"2010-12-19 00:00:00",551
"2010-12-20 00:00:00",932
"2010-12-21 00:00:00",629
"2010-12-22 00:00:00",660
"2010-12-23 00:00:00",519
"2010-12-24 00:00:00",531
"2010-12-25 00:00:00",634
"2010-12-26 00:00:00",584
"2010-12-27 00:00:00",526
"2010-12-28 00:00:00",661
"2010-12-29 00:00:00",513
"2010-12-30 00:00:00",593
"2010-12-31 00:00:00",555
"2011-01-01 00:00:00",659
"2011-01-02 00:00:00",569
"2011-01-03 00:00:00",1128
"2011-01-04 00:00:00",979
"2011-01-05 00:00:00",1310
"2011-01-06 00:00:00",694
"2011-01-07 00:00:00",1020
"2011-01-08 00:00:00",1436
"2011-01-09 00:00:00",1223
"2011-01-10 00:00:00",1312
"2011-01-11 00:00:00",1362
"2011-01-12 00:00:00",1162
"2011-01-13 00:00:00",1266
"2011-01-14 00:00:00",1262
"2011-01-15 00:00:00",962
"2011-01-16 00:00:00",931
"2011-01-17 00:00:00",830
"2011-01-18 00:00:00",818
"2011-01-19 00:00:00",917
"2011-01-20 00:00:00",924
"2011-01-21 00:00:00",1166
"2011-01-22 00:00:00",1422
"2011-01-23 00:00:00",1081
"2011-01-24 00:00:00",1319
"2011-01-25 00:00:00",889
"2011-01-26 00:00:00",1005
"2011-01-27 00:00:00",841
"2011-01-28 00:00:00",1081
"2011-01-29 00:00:00",1347
"2011-01-30 00:00:00",2592
"2011-01-31 00:00:00",1393
"2011-02-01 00:00:00",1013
"2011-02-02 00:00:00",896
"2011-02-03 00:00:00",789
"2011-02-04 00:00:00",954
"2011-02-05 00:00:00",832
"2011-02-06 00:00:00",909
"2011-02-07 00:00:00",892
"2011-02-08 00:00:00",846
"2011-02-09 00:00:00",1227
"2011-02-10 00:00:00",2034
"2011-02-11 00:00:00",2355
"2011-02-12 00:00:00",1912
"2011-02-13 00:00:00",1822
"2011-02-14 00:00:00",2006
"2011-02-15 00:00:00",2224
"2011-02-16 00:00:00",2090
"2011-02-17 00:00:00",2250
"2011-02-18 00:00:00",2056
"2011-02-19 00:00:00",1583
"2011-02-20 00:00:00",1939
"2011-02-21 00:00:00",1970
"2011-02-22 00:00:00",2196
"2011-02-23 00:00:00",2263
"2011-02-24 00:00:00",2109
"2011-02-25 00:00:00",2060
"2011-02-26 00:00:00",1952
"2011-02-27 00:00:00",2269
"2011-02-28 00:00:00",1720
"2011-03-01 00:00:00",2729
"2011-03-02 00:00:00",2009
"2011-03-03 00:00:00",3204
"2011-03-04 00:00:00",1982
"2011-03-05 00:00:00",2048
"2011-03-06 00:00:00",2031
"2011-03-07 00:00:00",1926
"2011-03-08 00:00:00",2440
"2011-03-09 00:00:00",1834
"2011-03-10 00:00:00",1661
"2011-03-11 00:00:00",1884
"2011-03-12 00:00:00",2956
"2011-03-13 00:00:00",2711
"2011-03-14 00:00:00",2643
"2011-03-15 00:00:00",2854
"2011-03-16 00:00:00",3183
"2011-03-17 00:00:00",3367
"2011-03-18 00:00:00",2371
"2011-03-19 00:00:00",3189
"2011-03-20 00:00:00",4076
"2011-03-21 00:00:00",5855
"2011-03-22 00:00:00",2238
"2011-03-23 00:00:00",4570
"2011-03-24 00:00:00",2164
"2011-03-25 00:00:00",1999
"2011-03-26 00:00:00",3335
"2011-03-27 00:00:00",2463
"2011-03-28 00:00:00",2931
"2011-03-29 00:00:00",2718
"2011-03-30 00:00:00",1756
"2011-03-31 00:00:00",2095
"2011-04-01 00:00:00",1579
"2011-04-02 00:00:00",1772
"2011-04-03 00:00:00",1805
"2011-04-04 00:00:00",2309
"2011-04-05 00:00:00",2119
"2011-04-06 00:00:00",1864
"2011-04-07 00:00:00",1677
"2011-04-08 00:00:00",1767
"2011-04-09 00:00:00",1733
"2011-04-10 00:00:00",1744
"2011-04-11 00:00:00",1943
"2011-04-12 00:00:00",2077
"2011-04-13 00:00:00",2371
"2011-04-14 00:00:00",2881
"2011-04-15 00:00:00",2018
"2011-04-16 00:00:00",2154
"2011-04-17 00:00:00",2257
"2011-04-18 00:00:00",3035
"2011-04-19 00:00:00",3598
"2011-04-20 00:00:00",2969
"2011-04-21 00:00:00",1915
"2011-04-22 00:00:00",2097
"2011-04-23 00:00:00",2310
"2011-04-24 00:00:00",2273
"2011-04-25 00:00:00",2592
"2011-04-26 00:00:00",3455
"2011-04-27 00:00:00",4580
"2011-04-28 00:00:00",3035
"2011-04-29 00:00:00",3534
"2011-04-30 00:00:00",4473
"2011-05-01 00:00:00",3949
"2011-05-02 00:00:00",3095
"2011-05-03 00:00:00",2935
"2011-05-04 00:00:00",2800
"2011-05-05 00:00:00",3464
"2011-05-06 00:00:00",3290
"2011-05-07 00:00:00",3887
"2011-05-08 00:00:00",2898
"2011-05-09 00:00:00",3516
"2011-05-10 00:00:00",3151
"2011-05-11 00:00:00",3090
"2011-05-12 00:00:00",3361
"2011-05-13 00:00:00",4064
"2011-05-14 00:00:00",4414
"2011-05-15 00:00:00",3770
"2011-05-16 00:00:00",4349
"2011-05-17 00:00:00",4464
"2011-05-18 00:00:00",5581
"2011-05-19 00:00:00",4663
"2011-05-20 00:00:00",4795
"2011-05-21 00:00:00",4964
"2011-05-22 00:00:00",5282
"2011-05-23 00:00:00",5745
"2011-05-24 00:00:00",5865
"2011-05-25 00:00:00",6258
"2011-05-26 00:00:00",6967
"2011-05-27 00:00:00",4853
"2011-05-28 00:00:00",5013
"2011-05-29 00:00:00",4753
"2011-05-30 00:00:00",5337
"2011-05-31 00:00:00",6063
"2011-06-01 00:00:00",6540
"2011-06-02 00:00:00",7136
"2011-06-03 00:00:00",8441
"2011-06-04 00:00:00",8811
"2011-06-05 00:00:00",8592
"2011-06-06 00:00:00",9703
"2011-06-07 00:00:00",9002
"2011-06-08 00:00:00",11815
"2011-06-09 00:00:00",12176
"2011-06-10 00:00:00",11269
"2011-06-11 00:00:00",10897
"2011-06-12 00:00:00",12440
"2011-06-13 00:00:00",11246
"2011-06-14 00:00:00",14158
"2011-06-15 00:00:00",12605
"2011-06-16 00:00:00",12746
"2011-06-17 00:00:00",11296
"2011-06-18 00:00:00",11563
"2011-06-19 00:00:00",11472
"2011-06-20 00:00:00",11225
"2011-06-21 00:00:00",9704
"2011-06-22 00:00:00",11519
"2011-06-23 00:00:00",10418
"2011-06-24 00:00:00",10922
"2011-06-25 00:00:00",9693
"2011-06-26 00:00:00",9985
"2011-06-27 00:00:00",11751
"2011-06-28 00:00:00",10719
"2011-06-29 00:00:00",10002
"2011-06-30 00:00:00",9636
"2011-07-01 00:00:00",10603
"2011-07-02 00:00:00",8018
"2011-07-03 00:00:00",8364
"2011-07-04 00:00:00",9604
"2011-07-05 00:00:00",8965
"2011-07-06 00:00:00",10519
"2011-07-07 00:00:00",9180
"2011-07-08 00:00:00",8528
"2011-07-09 00:00:00",7851
"2011-07-10 00:00:00",8392
"2011-07-11 00:00:00",10523
"2011-07-12 00:00:00",8147
"2011-07-13 00:00:00",9193
"2011-07-14 00:00:00",8716
"2011-07-15 00:00:00",7998
"2011-07-16 00:00:00",8876
"2011-07-17 00:00:00",8379
"2011-07-18 00:00:00",8976
"2011-07-19 00:00:00",9185
"2011-07-20 00:00:00",8863
"2011-07-21 00:00:00",8163
"2011-07-22 00:00:00",8991
"2011-07-23 00:00:00",7415
"2011-07-24 00:00:00",8219
"2011-07-25 00:00:00",9485
"2011-07-26 00:00:00",8370
"2011-07-27 00:00:00",7995
"2011-07-28 00:00:00",8119
"2011-07-29 00:00:00",7315
"2011-07-30 00:00:00",6209
"2011-07-31 00:00:00",8099
"2011-08-01 00:00:00",8195
"2011-08-02 00:00:00",8817
"2011-08-03 00:00:00",7737
"2011-08-04 00:00:00",8307
"2011-08-05 00:00:00",7360
"2011-08-06 00:00:00",6834
"2011-08-07 00:00:00",6710
"2011-08-08 00:00:00",7267
"2011-08-09 00:00:00",9219
"2011-08-10 00:00:00",8335
"2011-08-11 00:00:00",7596
"2011-08-12 00:00:00",7165
"2011-08-13 00:00:00",7398
"2011-08-14 00:00:00",7471
"2011-08-15 00:00:00",8379
"2011-08-16 00:00:00",9640
"2011-08-17 00:00:00",7722
"2011-08-18 00:00:00",7415
"2011-08-19 00:00:00",7614
"2011-08-20 00:00:00",7191
"2011-08-21 00:00:00",7667
"2011-08-22 00:00:00",7815
"2011-08-23 00:00:00",7277
"2011-08-24 00:00:00",7367
"2011-08-25 00:00:00",7241
"2011-08-26 00:00:00",7421
"2011-08-27 00:00:00",6361
"2011-08-28 00:00:00",5589
"2011-08-29 00:00:00",8094
"2011-08-30 00:00:00",7804
"2011-08-31 00:00:00",7292
"2011-09-01 00:00:00",7203
"2011-09-02 00:00:00",7026
"2011-09-03 00:00:00",5925
"2011-09-04 00:00:00",7258
"2011-09-05 00:00:00",7039
"2011-09-06 00:00:00",7830
"2011-09-07 00:00:00",7090
"2011-09-08 00:00:00",6497
"2011-09-09 00:00:00",7376
"2011-09-10 00:00:00",5993
"2011-09-11 00:00:00",6443
"2011-09-12 00:00:00",6575
"2011-09-13 00:00:00",6519
"2011-09-14 00:00:00",6200
"2011-09-15 00:00:00",6474
"2011-09-16 00:00:00",6209
"2011-09-17 00:00:00",5454
"2011-09-18 00:00:00",5986
"2011-09-19 00:00:00",6653
"2011-09-20 00:00:00",8145
"2011-09-21 00:00:00",7684
"2011-09-22 00:00:00",6139
"2011-09-23 00:00:00",6328
"2011-09-24 00:00:00",5728
"2011-09-25 00:00:00",5722
"2011-09-26 00:00:00",5639
"2011-09-27 00:00:00",6101
"2011-09-28 00:00:00",6017
"2011-09-29 00:00:00",5589
"2011-09-30 00:00:00",5865
"2011-10-01 00:00:00",5374
"2011-10-02 00:00:00",5035
"2011-10-03 00:00:00",6521
"2011-10-04 00:00:00",5809
"2011-10-05 00:00:00",5771
"2011-10-06 00:00:00",5912
"2011-10-07 00:00:00",5674
"2011-10-08 00:00:00",5402
"2011-10-09 00:00:00",5457
"2011-10-10 00:00:00",5882
"2011-10-11 00:00:00",5930
"2011-10-12 00:00:00",5949
"2011-10-13 00:00:00",4984
"2011-10-14 00:00:00",6111
"2011-10-15 00:00:00",5579
"2011-10-16 00:00:00",4981
"2011-10-17 00:00:00",5781
"2011-10-18 00:00:00",4863
"2011-10-19 00:00:00",5130
"2011-10-20 00:00:00",4649
"2011-10-21 00:00:00",5206
"2011-10-22 00:00:00",5114
"2011-10-23 00:00:00",5608
"2011-10-24 00:00:00",5934
"2011-10-25 00:00:00",5226
"2011-10-26 00:00:00",5272
"2011-10-27 00:00:00",4677
"2011-10-28 00:00:00",5118
"2011-10-29 00:00:00",5596
"2011-10-30 00:00:00",4980
"2011-10-31 00:00:00",5182
"2011-11-01 00:00:00",5777
"2011-11-02 00:00:00",5991
"2011-11-03 00:00:00",6253
"2011-11-04 00:00:00",6540
"2011-11-05 00:00:00",5928
"2011-11-06 00:00:00",5034
"2011-11-07 00:00:00",5496
"2011-11-08 00:00:00",5994
"2011-11-09 00:00:00",6448
"2011-11-10 00:00:00",6541
"2011-11-11 00:00:00",5093
"2011-11-12 00:00:00",5127
"2011-11-13 00:00:00",5374
"2011-11-14 00:00:00",5908
"2011-11-15 00:00:00",6106
"2011-11-16 00:00:00",6048
"2011-11-17 00:00:00",4959
"2011-11-18 00:00:00",5169
"2011-11-19 00:00:00",4724
"2011-11-20 00:00:00",5125
"2011-11-21 00:00:00",4770
"2011-11-22 00:00:00",5491
"2011-11-23 00:00:00",5598
"2011-11-24 00:00:00",5018
"2011-11-25 00:00:00",5486
"2011-11-26 00:00:00",4752
"2011-11-27 00:00:00",5061
"2011-11-28 00:00:00",5930
"2011-11-29 00:00:00",6414
"2011-11-30 00:00:00",6857
"2011-12-01 00:00:00",6352
"2011-12-02 00:00:00",6318
"2011-12-03 00:00:00",5631
"2011-12-04 00:00:00",5385
"2011-12-05 00:00:00",6237
"2011-12-06 00:00:00",7978
"2011-12-07 00:00:00",6135
"2011-12-08 00:00:00",5820
"2011-12-09 00:00:00",5588
"2011-12-10 00:00:00",5678
"2011-12-11 00:00:00",5261
"2011-12-12 00:00:00",4862
"2011-12-13 00:00:00",5406
"2011-12-14 00:00:00",5692
"2011-12-15 00:00:00",4850
"2011-12-16 00:00:00",5164
"2011-12-17 00:00:00",4993
"2011-12-18 00:00:00",4632
"2011-12-19 00:00:00",5844
"2011-12-20 00:00:00",6295
"2011-12-21 00:00:00",5577
"2011-12-22 00:00:00",5859
"2011-12-23 00:00:00",5682
"2011-12-24 00:00:00",4658
"2011-12-25 00:00:00",5286
"2011-12-26 00:00:00",5641
"2011-12-27 00:00:00",5211
"2011-12-28 00:00:00",5000
"2011-12-29 00:00:00",5212
"2011-12-30 00:00:00",5051
"2011-12-31 00:00:00",5137
"2012-01-01 00:00:00",5001
"2012-01-02 00:00:00",5410
"2012-01-03 00:00:00",5773
"2012-01-04 00:00:00",5731
"2012-01-05 00:00:00",6994
"2012-01-06 00:00:00",6644
"2012-01-07 00:00:00",5905
"2012-01-08 00:00:00",6404
"2012-01-09 00:00:00",6112
"2012-01-10 00:00:00",6677
"2012-01-11 00:00:00",7139
"2012-01-12 00:00:00",6696
"2012-01-13 00:00:00",6847
"2012-01-14 00:00:00",6807
"2012-01-15 00:00:00",6312
"2012-01-16 00:00:00",6974
"2012-01-17 00:00:00",6752
"2012-01-18 00:00:00",6647
"2012-01-19 00:00:00",6902
"2012-01-20 00:00:00",6780
"2012-01-21 00:00:00",6366
"2012-01-22 00:00:00",5325
"2012-01-23 00:00:00",6100
"2012-01-24 00:00:00",7268
"2012-01-25 00:00:00",7961
"2012-01-26 00:00:00",6598
"2012-01-27 00:00:00",6337
"2012-01-28 00:00:00",5910
"2012-01-29 00:00:00",6426
"2012-01-30 00:00:00",6153
"2012-01-31 00:00:00",6925
"2012-02-01 00:00:00",6502
"2012-02-02 00:00:00",7164
"2012-02-03 00:00:00",7050
"2012-02-04 00:00:00",7237
"2012-02-05 00:00:00",6774
"2012-02-06 00:00:00",6136
"2012-02-07 00:00:00",7012
"2012-02-08 00:00:00",7024
"2012-02-09 00:00:00",7488
"2012-02-10 00:00:00",8456
"2012-02-11 00:00:00",7679
"2012-02-12 00:00:00",7030
"2012-02-13 00:00:00",7992
"2012-02-14 00:00:00",9489
"2012-02-15 00:00:00",9337
"2012-02-16 00:00:00",9537
"2012-02-17 00:00:00",6778
"2012-02-18 00:00:00",6516
"2012-02-19 00:00:00",5958
"2012-02-20 00:00:00",6339
"2012-02-21 00:00:00",6420
"2012-02-22 00:00:00",7194
"2012-02-23 00:00:00",8014
"2012-02-24 00:00:00",6930
"2012-02-25 00:00:00",6306
"2012-02-26 00:00:00",5821
"2012-02-27 00:00:00",6735
"2012-02-28 00:00:00",6725
"2012-02-29 00:00:00",6719
"2012-03-01 00:00:00",6811
"2012-03-02 00:00:00",7645
"2012-03-03 00:00:00",5187
"2012-03-04 00:00:00",6591
"2012-03-05 00:00:00",6979
"2012-03-06 00:00:00",6368
"2012-03-07 00:00:00",6635
"2012-03-08 00:00:00",6637
"2012-03-09 00:00:00",6502
"2012-03-10 00:00:00",5370
"2012-03-11 00:00:00",5223
"2012-03-12 00:00:00",6141
"2012-03-13 00:00:00",7395
"2012-03-14 00:00:00",6895
"2012-03-15 00:00:00",6284
"2012-03-16 00:00:00",6935
"2012-03-17 00:00:00",6876
"2012-03-18 00:00:00",6039
"2012-03-19 00:00:00",6652
"2012-03-20 00:00:00",6834
"2012-03-21 00:00:00",7000
"2012-03-22 00:00:00",6587
"2012-03-23 00:00:00",6156
"2012-03-24 00:00:00",6375
"2012-03-25 00:00:00",6212
"2012-03-26 00:00:00",6619
"2012-03-27 00:00:00",6666
"2012-03-28 00:00:00",7239
"2012-03-29 00:00:00",7518
"2012-03-30 00:00:00",6828
"2012-03-31 00:00:00",6192
"2012-04-01 00:00:00",5563
"2012-04-02 00:00:00",6472
"2012-04-03 00:00:00",7739
"2012-04-04 00:00:00",7143
"2012-04-05 00:00:00",7028
"2012-04-06 00:00:00",6699
"2012-04-07 00:00:00",6080
"2012-04-08 00:00:00",5915
"2012-04-09 00:00:00",6617
"2012-04-10 00:00:00",8468
"2012-04-11 00:00:00",7858
"2012-04-12 00:00:00",8290
"2012-04-13 00:00:00",7041
"2012-04-14 00:00:00",8027
"2012-04-15 00:00:00",7371
"2012-04-16 00:00:00",8577
"2012-04-17 00:00:00",7805
"2012-04-18 00:00:00",8580
"2012-04-19 00:00:00",7900
"2012-04-20 00:00:00",8285
"2012-04-21 00:00:00",7201
"2012-04-22 00:00:00",6354
"2012-04-23 00:00:00",7104
"2012-04-24 00:00:00",7660
"2012-04-25 00:00:00",7557
"2012-04-26 00:00:00",10099
"2012-04-27 00:00:00",7195
"2012-04-28 00:00:00",7427
"2012-04-29 00:00:00",7729
"2012-04-30 00:00:00",9413
"2012-05-01 00:00:00",10208
"2012-05-02 00:00:00",9978
"2012-05-03 00:00:00",14002
"2012-05-04 00:00:00",14098
"2012-05-05 00:00:00",12998
"2012-05-06 00:00:00",11150
"2012-05-07 00:00:00",18247
"2012-05-08 00:00:00",17719
"2012-05-09 00:00:00",17245
"2012-05-10 00:00:00",11782
"2012-05-11 00:00:00",19061
"2012-05-12 00:00:00",18326
"2012-05-13 00:00:00",14737
"2012-05-14 00:00:00",28349
"2012-05-15 00:00:00",22235
"2012-05-16 00:00:00",18078
"2012-05-17 00:00:00",16935
"2012-05-18 00:00:00",24481
"2012-05-19 00:00:00",35404
"2012-05-20 00:00:00",31460
"2012-05-21 00:00:00",31604
"2012-05-22 00:00:00",23480
"2012-05-23 00:00:00",27432
"2012-05-24 00:00:00",26589
"2012-05-25 00:00:00",28999
"2012-05-26 00:00:00",23279
"2012-05-27 00:00:00",26447
"2012-05-28 00:00:00",29888
"2012-05-29 00:00:00",29816
"2012-05-30 00:00:00",25580
"2012-05-31 00:00:00",21013
"2012-06-01 00:00:00",27069
"2012-06-02 00:00:00",12800
"2012-06-03 00:00:00",33601
"2012-06-04 00:00:00",45938
"2012-06-05 00:00:00",44364
"2012-06-06 00:00:00",15937
"2012-06-07 00:00:00",33203
"2012-06-08 00:00:00",23897
"2012-06-09 00:00:00",33050
"2012-06-10 00:00:00",40721
"2012-06-11 00:00:00",32531
"2012-06-12 00:00:00",18243
"2012-06-13 00:00:00",56794
"2012-06-14 00:00:00",61938
"2012-06-15 00:00:00",54986
"2012-06-16 00:00:00",43282
"2012-06-17 00:00:00",43909
"2012-06-18 00:00:00",39071
"2012-06-19 00:00:00",35962
"2012-06-20 00:00:00",32246
"2012-06-21 00:00:00",26782
"2012-06-22 00:00:00",23565
"2012-06-23 00:00:00",22303
"2012-06-24 00:00:00",22392
"2012-06-25 00:00:00",28713
"2012-06-26 00:00:00",30235
"2012-06-27 00:00:00",30875
"2012-06-28 00:00:00",26522
"2012-06-29 00:00:00",22877
"2012-06-30 00:00:00",22618
"2012-07-01 00:00:00",19276
"2012-07-02 00:00:00",25147
"2012-07-03 00:00:00",22667
"2012-07-04 00:00:00",23164
"2012-07-05 00:00:00",21643
"2012-07-06 00:00:00",23916
"2012-07-07 00:00:00",25615
"2012-07-08 00:00:00",20799
"2012-07-09 00:00:00",25129
"2012-07-10 00:00:00",35080
"2012-07-11 00:00:00",31250
"2012-07-12 00:00:00",24303
"2012-07-13 00:00:00",24556
"2012-07-14 00:00:00",22787
"2012-07-15 00:00:00",26345
"2012-07-16 00:00:00",31379
"2012-07-17 00:00:00",35201
"2012-07-18 00:00:00",32588
"2012-07-19 00:00:00",31035
"2012-07-20 00:00:00",36794
"2012-07-21 00:00:00",34593
"2012-07-22 00:00:00",34860
"2012-07-23 00:00:00",32698
"2012-07-24 00:00:00",28369
"2012-07-25 00:00:00",27327
"2012-07-26 00:00:00",30707
"2012-07-27 00:00:00",27155
"2012-07-28 00:00:00",35230
"2012-07-29 00:00:00",34483
"2012-07-30 00:00:00",34395
"2012-07-31 00:00:00",41507
"2012-08-01 00:00:00",30538
"2012-08-02 00:00:00",33211
"2012-08-03 00:00:00",27780
"2012-08-04 00:00:00",29010
"2012-08-05 00:00:00",33283
"2012-08-06 00:00:00",35400
"2012-08-07 00:00:00",29592
"2012-08-08 00:00:00",40168
"2012-08-09 00:00:00",29942
"2012-08-10 00:00:00",28375
"2012-08-11 00:00:00",33139
"2012-08-12 00:00:00",34636
"2012-08-13 00:00:00",48872
"2012-08-14 00:00:00",34506
"2012-08-15 00:00:00",52969
"2012-08-16 00:00:00",46477
"2012-08-17 00:00:00",40554
"2012-08-18 00:00:00",37162
"2012-08-19 00:00:00",36951
"2012-08-20 00:00:00",35837
"2012-08-21 00:00:00",42415
"2012-08-22 00:00:00",37874
"2012-08-23 00:00:00",31818
"2012-08-24 00:00:00",32275
"2012-08-25 00:00:00",33439
"2012-08-26 00:00:00",29520
"2012-08-27 00:00:00",33096
"2012-08-28 00:00:00",29838
"2012-08-29 00:00:00",34209
"2012-08-30 00:00:00",33914
"2012-08-31 00:00:00",40624
"2012-09-01 00:00:00",40774
"2012-09-02 00:00:00",33588
"2012-09-03 00:00:00",38238
"2012-09-04 00:00:00",39946
"2012-09-05 00:00:00",41135
"2012-09-06 00:00:00",42790
"2012-09-07 00:00:00",33483
"2012-09-08 00:00:00",31173
"2012-09-09 00:00:00",31464
"2012-09-10 00:00:00",33632
"2012-09-11 00:00:00",38225
"2012-09-12 00:00:00",28096
"2012-09-13 00:00:00",29025
"2012-09-14 00:00:00",36118
"2012-09-15 00:00:00",27248
"2012-09-16 00:00:00",28415
"2012-09-17 00:00:00",24446
"2012-09-18 00:00:00",32821
"2012-09-19 00:00:00",32231
"2012-09-20 00:00:00",31282
"2012-09-21 00:00:00",30347
"2012-09-22 00:00:00",22014
"2012-09-23 00:00:00",27999
"2012-09-24 00:00:00",29190
"2012-09-25 00:00:00",24177
"2012-09-26 00:00:00",32413
"2012-09-27 00:00:00",28347
"2012-09-28 00:00:00",32768
"2012-09-29 00:00:00",23992
"2012-09-30 00:00:00",20668
"2012-10-01 00:00:00",24727
"2012-10-02 00:00:00",32878
"2012-10-03 00:00:00",26669
"2012-10-04 00:00:00",32615
"2012-10-05 00:00:00",36371
"2012-10-06 00:00:00",32672
"2012-10-07 00:00:00",34726
"2012-10-08 00:00:00",38211
"2012-10-09 00:00:00",35450
"2012-10-10 00:00:00",31226
"2012-10-11 00:00:00",27684
"2012-10-12 00:00:00",28693
"2012-10-13 00:00:00",33090
"2012-10-14 00:00:00",27414
"2012-10-15 00:00:00",30998
"2012-10-16 00:00:00",34533
"2012-10-17 00:00:00",31813
"2012-10-18 00:00:00",28257
"2012-10-19 00:00:00",25353
"2012-10-20 00:00:00",30442
"2012-10-21 00:00:00",40833
"2012-10-22 00:00:00",43154
"2012-10-23 00:00:00",32031
"2012-10-24 00:00:00",32194
"2012-10-25 00:00:00",26998
"2012-10-26 00:00:00",21927
"2012-10-27 00:00:00",16313
"2012-10-28 00:00:00",17965
"2012-10-29 00:00:00",21500
"2012-10-30 00:00:00",30747
"2012-10-31 00:00:00",27755
"2012-11-01 00:00:00",23638
"2012-11-02 00:00:00",28990
"2012-11-03 00:00:00",23899
"2012-11-04 00:00:00",24304
"2012-11-05 00:00:00",32184
"2012-11-06 00:00:00",31986
"2012-11-07 00:00:00",36480
"2012-11-08 00:00:00",32415
"2012-11-09 00:00:00",25157
"2012-11-10 00:00:00",27109
"2012-11-11 00:00:00",23555
"2012-11-12 00:00:00",23903
"2012-11-13 00:00:00",27131
"2012-11-14 00:00:00",29901
"2012-11-15 00:00:00",37604
"2012-11-16 00:00:00",39446
"2012-11-17 00:00:00",32538
"2012-11-18 00:00:00",34136
"2012-11-19 00:00:00",36923
"2012-11-20 00:00:00",36858
"2012-11-21 00:00:00",39066
"2012-11-22 00:00:00",30900
"2012-11-23 00:00:00",32347
"2012-11-24 00:00:00",29718
"2012-11-25 00:00:00",36736
"2012-11-26 00:00:00",35898
"2012-11-27 00:00:00",27632
"2012-11-28 00:00:00",37256
"2012-11-29 00:00:00",37423
"2012-11-30 00:00:00",29758
"2012-12-01 00:00:00",33492
"2012-12-02 00:00:00",20606
"2012-12-03 00:00:00",21659
"2012-12-04 00:00:00",32356
"2012-12-05 00:00:00",33744
"2012-12-06 00:00:00",37163
"2012-12-07 00:00:00",32145
"2012-12-08 00:00:00",33174
"2012-12-09 00:00:00",32059
"2012-12-10 00:00:00",36221
"2012-12-11 00:00:00",36779
"2012-12-12 00:00:00",36736
"2012-12-13 00:00:00",42515
"2012-12-14 00:00:00",39014
"2012-12-15 00:00:00",32365
"2012-12-16 00:00:00",35476
"2012-12-17 00:00:00",41040
"2012-12-18 00:00:00",49812
"2012-12-19 00:00:00",44765
"2012-12-20 00:00:00",35922
"2012-12-21 00:00:00",44580
"2012-12-22 00:00:00",51258
"2012-12-23 00:00:00",36738
"2012-12-24 00:00:00",36111
"2012-12-25 00:00:00",28743
"2012-12-26 00:00:00",36586
"2012-12-27 00:00:00",43787
"2012-12-28 00:00:00",47105
"2012-12-29 00:00:00",38110
"2012-12-30 00:00:00",45447
"2012-12-31 00:00:00",30064
"2013-01-01 00:00:00",31896
"2013-01-02 00:00:00",39433
"2013-01-03 00:00:00",42309
"2013-01-04 00:00:00",48589
"2013-01-05 00:00:00",39596
"2013-01-06 00:00:00",33026
"2013-01-07 00:00:00",40288
"2013-01-08 00:00:00",38624
"2013-01-09 00:00:00",43190
"2013-01-10 00:00:00",52539
"2013-01-11 00:00:00",52749
"2013-01-12 00:00:00",45671
"2013-01-13 00:00:00",49441
"2013-01-14 00:00:00",44560
"2013-01-15 00:00:00",45022
"2013-01-16 00:00:00",53629
"2013-01-17 00:00:00",48100
"2013-01-18 00:00:00",49139
"2013-01-19 00:00:00",56170
"2013-01-20 00:00:00",41371
"2013-01-21 00:00:00",40441
"2013-01-22 00:00:00",43752
"2013-01-23 00:00:00",46678
"2013-01-24 00:00:00",46221
"2013-01-25 00:00:00",48511
"2013-01-26 00:00:00",52366
"2013-01-27 00:00:00",55413
"2013-01-28 00:00:00",52180
"2013-01-29 00:00:00",51703
"2013-01-30 00:00:00",41219
"2013-01-31 00:00:00",51633
"2013-02-01 00:00:00",59382
"2013-02-02 00:00:00",54465
"2013-02-03 00:00:00",61164
"2013-02-04 00:00:00",55005
"2013-02-05 00:00:00",53420
"2013-02-06 00:00:00",42555
"2013-02-07 00:00:00",61237
"2013-02-08 00:00:00",60921
"2013-02-09 00:00:00",57750
"2013-02-10 00:00:00",56443
"2013-02-11 00:00:00",57594
"2013-02-12 00:00:00",58551
"2013-02-13 00:00:00",59090
"2013-02-14 00:00:00",50928
"2013-02-15 00:00:00",55647
"2013-02-16 00:00:00",51433
"2013-02-17 00:00:00",49635
"2013-02-18 00:00:00",50374
"2013-02-19 00:00:00",54519
"2013-02-20 00:00:00",59748
"2013-02-21 00:00:00",55916
"2013-02-22 00:00:00",62171
"2013-02-23 00:00:00",57886
"2013-02-24 00:00:00",57164
"2013-02-25 00:00:00",67144
"2013-02-26 00:00:00",63438
"2013-02-27 00:00:00",60949
"2013-02-28 00:00:00",63021
"2013-03-01 00:00:00",64535
"2013-03-02 00:00:00",55825
"2013-03-03 00:00:00",54459
"2013-03-04 00:00:00",64044
"2013-03-05 00:00:00",56868
"2013-03-06 00:00:00",62760
"2013-03-07 00:00:00",66770
"2013-03-08 00:00:00",55857
"2013-03-09 00:00:00",55546
"2013-03-10 00:00:00",73844
"2013-03-11 00:00:00",59289
"2013-03-12 00:00:00",48484
"2013-03-13 00:00:00",56690
"2013-03-14 00:00:00",58069
"2013-03-15 00:00:00",62776
"2013-03-16 00:00:00",34187
"2013-03-17 00:00:00",35348
"2013-03-18 00:00:00",43485
"2013-03-19 00:00:00",46108
"2013-03-20 00:00:00",46276
"2013-03-21 00:00:00",55564
"2013-03-22 00:00:00",60584
"2013-03-23 00:00:00",52914
"2013-03-24 00:00:00",51335
"2013-03-25 00:00:00",48993
"2013-03-26 00:00:00",49061
"2013-03-27 00:00:00",53207
"2013-03-28 00:00:00",60989
"2013-03-29 00:00:00",62259
"2013-03-30 00:00:00",59196
"2013-03-31 00:00:00",43986
"2013-04-01 00:00:00",52770
"2013-04-02 00:00:00",63276
"2013-04-03 00:00:00",63941
"2013-04-04 00:00:00",66892
"2013-04-05 00:00:00",61373
"2013-04-06 00:00:00",51718
"2013-04-07 00:00:00",63541
"2013-04-08 00:00:00",61680
"2013-04-09 00:00:00",66979
"2013-04-10 00:00:00",63881
"2013-04-11 00:00:00",68407
"2013-04-12 00:00:00",58690
"2013-04-13 00:00:00",53517
"2013-04-14 00:00:00",55471
"2013-04-15 00:00:00",54496
"2013-04-16 00:00:00",67785
"2013-04-17 00:00:00",56706
"2013-04-18 00:00:00",46631
"2013-04-19 00:00:00",59528
"2013-04-20 00:00:00",48302
"2013-04-21 00:00:00",44224
"2013-04-22 00:00:00",47194
"2013-04-23 00:00:00",61668
"2013-04-24 00:00:00",65023
"2013-04-25 00:00:00",62566
"2013-04-26 00:00:00",55264
"2013-04-27 00:00:00",44369
"2013-04-28 00:00:00",41879
"2013-04-29 00:00:00",51776
"2013-04-30 00:00:00",47599
"2013-05-01 00:00:00",55327
"2013-05-02 00:00:00",55429
"2013-05-03 00:00:00",51412
"2013-05-04 00:00:00",50261
"2013-05-05 00:00:00",50332
"2013-05-06 00:00:00",53340
"2013-05-07 00:00:00",56735
"2013-05-08 00:00:00",50439
"2013-05-09 00:00:00",66774
"2013-05-10 00:00:00",67881
"2013-05-11 00:00:00",73402
"2013-05-12 00:00:00",65428
"2013-05-13 00:00:00",60998
"2013-05-14 00:00:00",66470
"2013-05-15 00:00:00",64171
"2013-05-16 00:00:00",61158
"2013-05-17 00:00:00",58731
"2013-05-18 00:00:00",52215
"2013-05-19 00:00:00",47820
"2013-05-20 00:00:00",48821
"2013-05-21 00:00:00",53942
"2013-05-22 00:00:00",51990
"2013-05-23 00:00:00",59789
"2013-05-24 00:00:00",55401
"2013-05-25 00:00:00",51280
"2013-05-26 00:00:00",40722
"2013-05-27 00:00:00",52758
"2013-05-28 00:00:00",57070
"2013-05-29 00:00:00",55060
"2013-05-30 00:00:00",57426
"2013-05-31 00:00:00",54346
"2013-06-01 00:00:00",54311
"2013-06-02 00:00:00",49947
"2013-06-03 00:00:00",55874
"2013-06-04 00:00:00",57622
"2013-06-05 00:00:00",56560
"2013-06-06 00:00:00",54638
"2013-06-07 00:00:00",52188
"2013-06-08 00:00:00",48218
"2013-06-09 00:00:00",44471
"2013-06-10 00:00:00",45000
"2013-06-11 00:00:00",49663
"2013-06-12 00:00:00",45907
"2013-06-13 00:00:00",43193
"2013-06-14 00:00:00",50172
"2013-06-15 00:00:00",35826
"2013-06-16 00:00:00",42966
"2013-06-17 00:00:00",45943
"2013-06-18 00:00:00",46017
"2013-06-19 00:00:00",47031
"2013-06-20 00:00:00",52515
"2013-06-21 00:00:00",47027
"2013-06-22 00:00:00",44594
"2013-06-23 00:00:00",38507
"2013-06-24 00:00:00",44245
"2013-06-25 00:00:00",44629
"2013-06-26 00:00:00",45627
"2013-06-27 00:00:00",46128
"2013-06-28 00:00:00",49552
"2013-06-29 00:00:00",36545
"2013-06-30 00:00:00",30953
"2013-07-01 00:00:00",39128
"2013-07-02 00:00:00",39650
"2013-07-03 00:00:00",35531
"2013-07-04 00:00:00",35292
"2013-07-05 00:00:00",37037
"2013-07-06 00:00:00",33372
"2013-07-07 00:00:00",30356
"2013-07-08 00:00:00",39629
"2013-07-09 00:00:00",40832
"2013-07-10 00:00:00",39238
"2013-07-11 00:00:00",43434
"2013-07-12 00:00:00",48260
"2013-07-13 00:00:00",37970
"2013-07-14 00:00:00",34933
"2013-07-15 00:00:00",36754
"2013-07-16 00:00:00",39392
"2013-07-17 00:00:00",40643
"2013-07-18 00:00:00",41170
"2013-07-19 00:00:00",36759
"2013-07-20 00:00:00",33702
"2013-07-21 00:00:00",35456
"2013-07-22 00:00:00",39979
"2013-07-23 00:00:00",38432
"2013-07-24 00:00:00",42361
"2013-07-25 00:00:00",42530
"2013-07-26 00:00:00",37373
"2013-07-27 00:00:00",36892
"2013-07-28 00:00:00",37302
"2013-07-29 00:00:00",41812
"2013-07-30 00:00:00",42133
"2013-07-31 00:00:00",49524
"2013-08-01 00:00:00",50904
"2013-08-02 00:00:00",51681
"2013-08-03 00:00:00",45746
"2013-08-04 00:00:00",42946
"2013-08-05 00:00:00",51001
"2013-08-06 00:00:00",54369
"2013-08-07 00:00:00",57606
"2013-08-08 00:00:00",58022
"2013-08-09 00:00:00",49658
"2013-08-10 00:00:00",51695
"2013-08-11 00:00:00",38422
"2013-08-12 00:00:00",50228
"2013-08-13 00:00:00",53080
"2013-08-14 00:00:00",51660
"2013-08-15 00:00:00",58129
"2013-08-16 00:00:00",71119
"2013-08-17 00:00:00",56546
"2013-08-18 00:00:00",56397
"2013-08-19 00:00:00",71314
"2013-08-20 00:00:00",63228
"2013-08-21 00:00:00",60531
"2013-08-22 00:00:00",66812
"2013-08-23 00:00:00",55195
"2013-08-24 00:00:00",51817
"2013-08-25 00:00:00",44447
"2013-08-26 00:00:00",56093
"2013-08-27 00:00:00",62187
"2013-08-28 00:00:00",64747
"2013-08-29 00:00:00",58992
"2013-08-30 00:00:00",62603
"2013-08-31 00:00:00",47505
"2013-09-01 00:00:00",46598
"2013-09-02 00:00:00",51266
"2013-09-03 00:00:00",52163
"2013-09-04 00:00:00",52979
"2013-09-05 00:00:00",60730
"2013-09-06 00:00:00",60850
"2013-09-07 00:00:00",51967
"2013-09-08 00:00:00",46452
"2013-09-09 00:00:00",57676
"2013-09-10 00:00:00",53283
"2013-09-11 00:00:00",49210
"2013-09-12 00:00:00",52300
"2013-09-13 00:00:00",44834
"2013-09-14 00:00:00",43560
"2013-09-15 00:00:00",53672
"2013-09-16 00:00:00",51885
"2013-09-17 00:00:00",67931
"2013-09-18 00:00:00",60551
"2013-09-19 00:00:00",59815
"2013-09-20 00:00:00",58994
"2013-09-21 00:00:00",52498
"2013-09-22 00:00:00",50903
"2013-09-23 00:00:00",65328
"2013-09-24 00:00:00",62592
"2013-09-25 00:00:00",54548
"2013-09-26 00:00:00",57545
"2013-09-27 00:00:00",46920
"2013-09-28 00:00:00",42580
"2013-09-29 00:00:00",41181
"2013-09-30 00:00:00",47156
"2013-10-01 00:00:00",57171
"2013-10-02 00:00:00",61964
"2013-10-03 00:00:00",59551
"2013-10-04 00:00:00",51940
"2013-10-05 00:00:00",45479
"2013-10-06 00:00:00",42857
"2013-10-07 00:00:00",44547
"2013-10-08 00:00:00",45131
"2013-10-09 00:00:00",50673
"2013-10-10 00:00:00",56853
"2013-10-11 00:00:00",51922
"2013-10-12 00:00:00",49474
"2013-10-13 00:00:00",51304
"2013-10-14 00:00:00",57452
"2013-10-15 00:00:00",55826
"2013-10-16 00:00:00",50826
"2013-10-17 00:00:00",46870
"2013-10-18 00:00:00",59661
"2013-10-19 00:00:00",55311
"2013-10-20 00:00:00",49418
"2013-10-21 00:00:00",60451
"2013-10-22 00:00:00",65048
"2013-10-23 00:00:00",55314
"2013-10-24 00:00:00",63634
"2013-10-25 00:00:00",57471
"2013-10-26 00:00:00",47747
"2013-10-27 00:00:00",43691
"2013-10-28 00:00:00",51104
"2013-10-29 00:00:00",49930
"2013-10-30 00:00:00",48446
"2013-10-31 00:00:00",58181
"2013-11-01 00:00:00",45371
"2013-11-02 00:00:00",39181
"2013-11-03 00:00:00",35947
"2013-11-04 00:00:00",45523
"2013-11-05 00:00:00",51597
"2013-11-06 00:00:00",55008
"2013-11-07 00:00:00",60535
"2013-11-08 00:00:00",59223
"2013-11-09 00:00:00",55204
"2013-11-10 00:00:00",57538
"2013-11-11 00:00:00",57405
"2013-11-12 00:00:00",58307
"2013-11-13 00:00:00",64870
"2013-11-14 00:00:00",69413
"2013-11-15 00:00:00",60914
"2013-11-16 00:00:00",47175
"2013-11-17 00:00:00",51323
"2013-11-18 00:00:00",79032
"2013-11-19 00:00:00",92907
"2013-11-20 00:00:00",77558
"2013-11-21 00:00:00",71822
"2013-11-22 00:00:00",76947
"2013-11-23 00:00:00",72545
"2013-11-24 00:00:00",60861
"2013-11-25 00:00:00",71793
"2013-11-26 00:00:00",83383
"2013-11-27 00:00:00",95531
"2013-11-28 00:00:00",98921
"2013-11-29 00:00:00",90084
"2013-11-30 00:00:00",75190
"2013-12-01 00:00:00",72142
"2013-12-02 00:00:00",75570
"2013-12-03 00:00:00",77667
"2013-12-04 00:00:00",79624
"2013-12-05 00:00:00",83283
"2013-12-06 00:00:00",72099
"2013-12-07 00:00:00",67712
"2013-12-08 00:00:00",47477
"2013-12-09 00:00:00",63625
"2013-12-10 00:00:00",67623
"2013-12-11 00:00:00",67305
"2013-12-12 00:00:00",58219
"2013-12-13 00:00:00",60115
"2013-12-14 00:00:00",54057
"2013-12-15 00:00:00",52308
"2013-12-16 00:00:00",69382
"2013-12-17 00:00:00",67740
"2013-12-18 00:00:00",81510
"2013-12-19 00:00:00",70278
"2013-12-20 00:00:00",65083
"2013-12-21 00:00:00",56083
"2013-12-22 00:00:00",52897
"2013-12-23 00:00:00",54267
"2013-12-24 00:00:00",55865
"2013-12-25 00:00:00",55428
"2013-12-26 00:00:00",51276
"2013-12-27 00:00:00",52674
"2013-12-28 00:00:00",48009
"2013-12-29 00:00:00",51325
"2013-12-30 00:00:00",55613
"2013-12-31 00:00:00",48847
"2014-01-01 00:00:00",43070
"2014-01-02 00:00:00",54770
"2014-01-03 00:00:00",60980
"2014-01-04 00:00:00",52052
"2014-01-05 00:00:00",58662
"2014-01-06 00:00:00",67358
"2014-01-07 00:00:00",62911
"2014-01-08 00:00:00",61439
"2014-01-09 00:00:00",59031
"2014-01-10 00:00:00",54166
"2014-01-11 00:00:00",55856
"2014-01-12 00:00:00",50537
"2014-01-13 00:00:00",53461
"2014-01-14 00:00:00",57378
"2014-01-15 00:00:00",61612
"2014-01-16 00:00:00",56703
"2014-01-17 00:00:00",59026
"2014-01-18 00:00:00",51573
"2014-01-19 00:00:00",48005
"2014-01-20 00:00:00",63003
"2014-01-21 00:00:00",72577
"2014-01-22 00:00:00",65835
"2014-01-23 00:00:00",63576
"2014-01-24 00:00:00",65600
"2014-01-25 00:00:00",53864
"2014-01-26 00:00:00",53582
"2014-01-27 00:00:00",64374
"2014-01-28 00:00:00",65762
"2014-01-29 00:00:00",59682
"2014-01-30 00:00:00",60799
"2014-01-31 00:00:00",60269
"2014-02-01 00:00:00",54838
"2014-02-02 00:00:00",52483
"2014-02-03 00:00:00",57600
"2014-02-04 00:00:00",69799
"2014-02-05 00:00:00",67529
"2014-02-06 00:00:00",70160
"2014-02-07 00:00:00",70514
"2014-02-08 00:00:00",65009
"2014-02-09 00:00:00",56579
"2014-02-10 00:00:00",66850
"2014-02-11 00:00:00",67229
"2014-02-12 00:00:00",62126
"2014-02-13 00:00:00",67339
"2014-02-14 00:00:00",74889
"2014-02-15 00:00:00",61896
"2014-02-16 00:00:00",57531
"2014-02-17 00:00:00",60853
"2014-02-18 00:00:00",65408
"2014-02-19 00:00:00",70142
"2014-02-20 00:00:00",71144
"2014-02-21 00:00:00",69390
"2014-02-22 00:00:00",58673
"2014-02-23 00:00:00",60074
"2014-02-24 00:00:00",73796
"2014-02-25 00:00:00",80082
"2014-02-26 00:00:00",73176
"2014-02-27 00:00:00",70859
"2014-02-28 00:00:00",70290
"2014-03-01 00:00:00",63402
"2014-03-02 00:00:00",56635
"2014-03-03 00:00:00",81264
"2014-03-04 00:00:00",84600
"2014-03-05 00:00:00",72392
"2014-03-06 00:00:00",70527
"2014-03-07 00:00:00",72345
"2014-03-08 00:00:00",64590
"2014-03-09 00:00:00",62161
"2014-03-10 00:00:00",70884
"2014-03-11 00:00:00",76204
"2014-03-12 00:00:00",76339
"2014-03-13 00:00:00",72805
"2014-03-14 00:00:00",70615
"2014-03-15 00:00:00",60308
"2014-03-16 00:00:00",59332
"2014-03-17 00:00:00",66396
"2014-03-18 00:00:00",54142
"2014-03-19 00:00:00",73804
"2014-03-20 00:00:00",71002
"2014-03-21 00:00:00",73091
"2014-03-22 00:00:00",66673
"2014-03-23 00:00:00",57811
"2014-03-24 00:00:00",70983
"2014-03-25 00:00:00",71883
"2014-03-26 00:00:00",68315
"2014-03-27 00:00:00",71719
"2014-03-28 00:00:00",67079
"2014-03-29 00:00:00",53270
"2014-03-30 00:00:00",56853
"2014-03-31 00:00:00",65042
"2014-04-01 00:00:00",64136
"2014-04-02 00:00:00",66913
"2014-04-03 00:00:00",67024
"2014-04-04 00:00:00",65692
"2014-04-05 00:00:00",55795
"2014-04-06 00:00:00",50010
"2014-04-07 00:00:00",65810
"2014-04-08 00:00:00",67841
"2014-04-09 00:00:00",65153
"2014-04-10 00:00:00",68027
"2014-04-11 00:00:00",65732
"2014-04-12 00:00:00",47740
"2014-04-13 00:00:00",51168
"2014-04-14 00:00:00",70219
"2014-04-15 00:00:00",72809
"2014-04-16 00:00:00",68594
"2014-04-17 00:00:00",65190
"2014-04-18 00:00:00",56996
"2014-04-19 00:00:00",53515
"2014-04-20 00:00:00",49043
"2014-04-21 00:00:00",58110
"2014-04-22 00:00:00",78042
"2014-04-23 00:00:00",73954
"2014-04-24 00:00:00",72694
"2014-04-25 00:00:00",72650
"2014-04-26 00:00:00",52175
"2014-04-27 00:00:00",52629
"2014-04-28 00:00:00",64546
"2014-04-29 00:00:00",65057
"2014-04-30 00:00:00",63638
"2014-05-01 00:00:00",59658
"2014-05-02 00:00:00",59981
"2014-05-03 00:00:00",54157
"2014-05-04 00:00:00",51769
"2014-05-05 00:00:00",67763
"2014-05-06 00:00:00",77228
"2014-05-07 00:00:00",69825
"2014-05-08 00:00:00",68937
"2014-05-09 00:00:00",66293
"2014-05-10 00:00:00",56416
"2014-05-11 00:00:00",52590
"2014-05-12 00:00:00",74418
"2014-05-13 00:00:00",69357
"2014-05-14 00:00:00",69808
"2014-05-15 00:00:00",74893
"2014-05-16 00:00:00",65433
"2014-05-17 00:00:00",53511
"2014-05-18 00:00:00",49912
"2014-05-19 00:00:00",64094
"2014-05-20 00:00:00",71520
"2014-05-21 00:00:00",68905
"2014-05-22 00:00:00",73343
"2014-05-23 00:00:00",72810
"2014-05-24 00:00:00",52872
"2014-05-25 00:00:00",57566
"2014-05-26 00:00:00",67007
"2014-05-27 00:00:00",68524
"2014-05-28 00:00:00",72338
"2014-05-29 00:00:00",65362
"2014-05-30 00:00:00",65127
"2014-05-31 00:00:00",52172
"2014-06-01 00:00:00",55222
"2014-06-02 00:00:00",64434
"2014-06-03 00:00:00",69695
"2014-06-04 00:00:00",65054
"2014-06-05 00:00:00",66945
"2014-06-06 00:00:00",62342
"2014-06-07 00:00:00",51210
"2014-06-08 00:00:00",48308
"2014-06-09 00:00:00",59875
"2014-06-10 00:00:00",63316
"2014-06-11 00:00:00",62827
"2014-06-12 00:00:00",64744
"2014-06-13 00:00:00",64739
"2014-06-14 00:00:00",53596
"2014-06-15 00:00:00",53916
"2014-06-16 00:00:00",68262
"2014-06-17 00:00:00",70077
"2014-06-18 00:00:00",63888
"2014-06-19 00:00:00",62454
"2014-06-20 00:00:00",57381
"2014-06-21 00:00:00",51173
"2014-06-22 00:00:00",50104
"2014-06-23 00:00:00",60216
"2014-06-24 00:00:00",64883
"2014-06-25 00:00:00",64397
"2014-06-26 00:00:00",61432
"2014-06-27 00:00:00",62966
"2014-06-28 00:00:00",54392
"2014-06-29 00:00:00",49094
"2014-06-30 00:00:00",70231
"2014-07-01 00:00:00",69443
"2014-07-02 00:00:00",66728
"2014-07-03 00:00:00",62849
"2014-07-04 00:00:00",59494
"2014-07-05 00:00:00",49954
"2014-07-06 00:00:00",52139
"2014-07-07 00:00:00",64686
"2014-07-08 00:00:00",70117
"2014-07-09 00:00:00",68518
"2014-07-10 00:00:00",64605
"2014-07-11 00:00:00",59077
"2014-07-12 00:00:00",53454
"2014-07-13 00:00:00",52417
"2014-07-14 00:00:00",62761
"2014-07-15 00:00:00",72316
"2014-07-16 00:00:00",65571
"2014-07-17 00:00:00",66233
"2014-07-18 00:00:00",64062
"2014-07-19 00:00:00",59553
"2014-07-20 00:00:00",52001
"2014-07-21 00:00:00",64190
"2014-07-22 00:00:00",66858
"2014-07-23 00:00:00",66883
"2014-07-24 00:00:00",66276
"2014-07-25 00:00:00",61498
"2014-07-26 00:00:00",56333
"2014-07-27 00:00:00",51991
"2014-07-28 00:00:00",64744
"2014-07-29 00:00:00",61607
"2014-07-30 00:00:00",66153
"2014-07-31 00:00:00",69761
"2014-08-01 00:00:00",67915
"2014-08-02 00:00:00",54989
"2014-08-03 00:00:00",53621
"2014-08-04 00:00:00",67812
"2014-08-05 00:00:00",72823
"2014-08-06 00:00:00",80402
"2014-08-07 00:00:00",69913
"2014-08-08 00:00:00",68297
"2014-08-09 00:00:00",60599
"2014-08-10 00:00:00",57913
"2014-08-11 00:00:00",75575
"2014-08-12 00:00:00",76982
"2014-08-13 00:00:00",75738
"2014-08-14 00:00:00",79082
"2014-08-15 00:00:00",73193
"2014-08-16 00:00:00",67974
"2014-08-17 00:00:00",60223
"2014-08-18 00:00:00",72758
"2014-08-19 00:00:00",74740
"2014-08-20 00:00:00",73842
"2014-08-21 00:00:00",73164
"2014-08-22 00:00:00",66998
"2014-08-23 00:00:00",57593
"2014-08-24 00:00:00",56695
"2014-08-25 00:00:00",69894
"2014-08-26 00:00:00",72660
"2014-08-27 00:00:00",74581
"2014-08-28 00:00:00",68628
"2014-08-29 00:00:00",68614
"2014-08-30 00:00:00",61214
"2014-08-31 00:00:00",57755
"2014-09-01 00:00:00",70383
"2014-09-02 00:00:00",71909
"2014-09-03 00:00:00",71868
"2014-09-04 00:00:00",70810
"2014-09-05 00:00:00",68038
"2014-09-06 00:00:00",63369
"2014-09-07 00:00:00",60352
"2014-09-08 00:00:00",75766
"2014-09-09 00:00:00",81812
"2014-09-10 00:00:00",72558
"2014-09-11 00:00:00",66026
"2014-09-12 00:00:00",68384
"2014-09-13 00:00:00",61246
"2014-09-14 00:00:00",67655
"2014-09-15 00:00:00",78666
"2014-09-16 00:00:00",87234
"2014-09-17 00:00:00",80305
"2014-09-18 00:00:00",77364
"2014-09-19 00:00:00",69437
"2014-09-20 00:00:00",63482
"2014-09-21 00:00:00",59800
"2014-09-22 00:00:00",73289
"2014-09-23 00:00:00",77283
"2014-09-24 00:00:00",74974
"2014-09-25 00:00:00",78523
"2014-09-26 00:00:00",72555
"2014-09-27 00:00:00",63138
"2014-09-28 00:00:00",62440
"2014-09-29 00:00:00",77924
"2014-09-30 00:00:00",78006
"2014-10-01 00:00:00",78779
"2014-10-02 00:00:00",72086
"2014-10-03 00:00:00",75094
"2014-10-04 00:00:00",66632
"2014-10-05 00:00:00",67330
"2014-10-06 00:00:00",78049
"2014-10-07 00:00:00",79069
"2014-10-08 00:00:00",78818
"2014-10-09 00:00:00",82789
"2014-10-10 00:00:00",81058
"2014-10-11 00:00:00",65020
"2014-10-12 00:00:00",63509
"2014-10-13 00:00:00",77942
"2014-10-14 00:00:00",81364
"2014-10-15 00:00:00",76257
"2014-10-16 00:00:00",75737
"2014-10-17 00:00:00",70839
"2014-10-18 00:00:00",66477
"2014-10-19 00:00:00",63255
"2014-10-20 00:00:00",82700
"2014-10-21 00:00:00",81651
"2014-10-22 00:00:00",79987
"2014-10-23 00:00:00",80638
"2014-10-24 00:00:00",77906
"2014-10-25 00:00:00",72515
"2014-10-26 00:00:00",70762
"2014-10-27 00:00:00",83977
"2014-10-28 00:00:00",87980
"2014-10-29 00:00:00",93667
"2014-10-30 00:00:00",92622
"2014-10-31 00:00:00",85703
"2014-11-01 00:00:00",69591
"2014-11-02 00:00:00",77170
"2014-11-03 00:00:00",90351
"2014-11-04 00:00:00",87617
"2014-11-05 00:00:00",89460
"2014-11-06 00:00:00",94296
"2014-11-07 00:00:00",83957
"2014-11-08 00:00:00",72717
"2014-11-09 00:00:00",72212
"2014-11-10 00:00:00",88994
"2014-11-11 00:00:00",85618
"2014-11-12 00:00:00",95579
"2014-11-13 00:00:00",92958
"2014-11-14 00:00:00",86307
"2014-11-15 00:00:00",73242
"2014-11-16 00:00:00",76009
"2014-11-17 00:00:00",88354
"2014-11-18 00:00:00",87524
"2014-11-19 00:00:00",85271
"2014-11-20 00:00:00",89388
"2014-11-21 00:00:00",82179
"2014-11-22 00:00:00",74725
"2014-11-23 00:00:00",77283
"2014-11-24 00:00:00",85807
"2014-11-25 00:00:00",86134
"2014-11-26 00:00:00",85111
"2014-11-27 00:00:00",84682
"2014-11-28 00:00:00",85912
"2014-11-29 00:00:00",79098
"2014-11-30 00:00:00",85013
"2014-12-01 00:00:00",97623
"2014-12-02 00:00:00",99419
"2014-12-03 00:00:00",99348
"2014-12-04 00:00:00",98348
"2014-12-05 00:00:00",90900
"2014-12-06 00:00:00",81230
"2014-12-07 00:00:00",74792
"2014-12-08 00:00:00",90746
"2014-12-09 00:00:00",90220
"2014-12-10 00:00:00",88798
"2014-12-11 00:00:00",84005
"2014-12-12 00:00:00",81297
"2014-12-13 00:00:00",76207
"2014-12-14 00:00:00",79703
"2014-12-15 00:00:00",94459
"2014-12-16 00:00:00",101064
"2014-12-17 00:00:00",98444
"2014-12-18 00:00:00",95207
"2014-12-19 00:00:00",95405
"2014-12-20 00:00:00",86901
"2014-12-21 00:00:00",78963
"2014-12-22 00:00:00",96511
"2014-12-23 00:00:00",99469
"2014-12-24 00:00:00",82347
"2014-12-25 00:00:00",67918
"2014-12-26 00:00:00",76198
"2014-12-27 00:00:00",76814
"2014-12-28 00:00:00",75715
"2014-12-29 00:00:00",83447
"2014-12-30 00:00:00",85049
"2014-12-31 00:00:00",77411
"2015-01-01 00:00:00",59344
"2015-01-02 00:00:00",79287
"2015-01-03 00:00:00",82227
"2015-01-04 00:00:00",85694
"2015-01-05 00:00:00",95585
"2015-01-06 00:00:00",87821
"2015-01-07 00:00:00",89916
"2015-01-08 00:00:00",107132
"2015-01-09 00:00:00",102275
"2015-01-10 00:00:00",104874
"2015-01-11 00:00:00",90630
"2015-01-12 00:00:00",98969
"2015-01-13 00:00:00",102309
"2015-01-14 00:00:00",104765
"2015-01-15 00:00:00",120390
"2015-01-16 00:00:00",104699
"2015-01-17 00:00:00",90499
"2015-01-18 00:00:00",83186
"2015-01-19 00:00:00",98485
"2015-01-20 00:00:00",98925
"2015-01-21 00:00:00",96959
"2015-01-22 00:00:00",93698
"2015-01-23 00:00:00",92011
"2015-01-24 00:00:00",83557
"2015-01-25 00:00:00",86558
"2015-01-26 00:00:00",108181
"2015-01-27 00:00:00",99393
"2015-01-28 00:00:00",85232
"2015-01-29 00:00:00",90879
"2015-01-30 00:00:00",81199
"2015-01-31 00:00:00",86312
"2015-02-01 00:00:00",78994
"2015-02-02 00:00:00",85987
"2015-02-03 00:00:00",91793
"2015-02-04 00:00:00",90814
"2015-02-05 00:00:00",86567
"2015-02-06 00:00:00",85705
"2015-02-07 00:00:00",85699
"2015-02-08 00:00:00",82679
"2015-02-09 00:00:00",104758
"2015-02-10 00:00:00",102975
"2015-02-11 00:00:00",97048
"2015-02-12 00:00:00",87427
"2015-02-13 00:00:00",113660
"2015-02-14 00:00:00",98773
"2015-02-15 00:00:00",85267
"2015-02-16 00:00:00",104632
"2015-02-17 00:00:00",102988
"2015-02-18 00:00:00",105719
"2015-02-19 00:00:00",94552
"2015-02-20 00:00:00",98714
"2015-02-21 00:00:00",87827
"2015-02-22 00:00:00",84942
"2015-02-23 00:00:00",101515
"2015-02-24 00:00:00",105125
"2015-02-25 00:00:00",105394
"2015-02-26 00:00:00",100817
"2015-02-27 00:00:00",101474
"2015-02-28 00:00:00",89632
"2015-03-01 00:00:00",88728
"2015-03-02 00:00:00",104937
"2015-03-03 00:00:00",110981
"2015-03-04 00:00:00",98529
"2015-03-05 00:00:00",101115
"2015-03-06 00:00:00",93869
"2015-03-07 00:00:00",91505
"2015-03-08 00:00:00",87527
"2015-03-09 00:00:00",105536
"2015-03-10 00:00:00",105541
"2015-03-11 00:00:00",100765
"2015-03-12 00:00:00",97095
"2015-03-13 00:00:00",96036
"2015-03-14 00:00:00",89511
"2015-03-15 00:00:00",84934
"2015-03-16 00:00:00",105218
"2015-03-17 00:00:00",99561
"2015-03-18 00:00:00",99607
"2015-03-19 00:00:00",106297
"2015-03-20 00:00:00",103532
"2015-03-21 00:00:00",92836
"2015-03-22 00:00:00",90586
"2015-03-23 00:00:00",106019
"2015-03-24 00:00:00",92927
"2015-03-25 00:00:00",97138
"2015-03-26 00:00:00",101181
"2015-03-27 00:00:00",99491
"2015-03-28 00:00:00",87374
"2015-03-29 00:00:00",90516
"2015-03-30 00:00:00",106355
"2015-03-31 00:00:00",115111
"2015-04-01 00:00:00",119343
"2015-04-02 00:00:00",112070
"2015-04-03 00:00:00",104546
"2015-04-04 00:00:00",89651
"2015-04-05 00:00:00",95023
"2015-04-06 00:00:00",107449
"2015-04-07 00:00:00",108714
"2015-04-08 00:00:00",110751
"2015-04-09 00:00:00",116620
"2015-04-10 00:00:00",112826
"2015-04-11 00:00:00",99429
"2015-04-12 00:00:00",86999
"2015-04-13 00:00:00",115407
"2015-04-14 00:00:00",110150
"2015-04-15 00:00:00",107606
"2015-04-16 00:00:00",99046
"2015-04-17 00:00:00",102755
"2015-04-18 00:00:00",97709
"2015-04-19 00:00:00",91134
"2015-04-20 00:00:00",116746
"2015-04-21 00:00:00",112502
"2015-04-22 00:00:00",111878
"2015-04-23 00:00:00",109838
"2015-04-24 00:00:00",108776
"2015-04-25 00:00:00",98465
"2015-04-26 00:00:00",92999
"2015-04-27 00:00:00",113775
"2015-04-28 00:00:00",113193
"2015-04-29 00:00:00",117260
"2015-04-30 00:00:00",112958
"2015-05-01 00:00:00",99560
"2015-05-02 00:00:00",95102
"2015-05-03 00:00:00",84602
"2015-05-04 00:00:00",104000
"2015-05-05 00:00:00",115348
"2015-05-06 00:00:00",111733
"2015-05-07 00:00:00",111125
"2015-05-08 00:00:00",109145
"2015-05-09 00:00:00",94716
"2015-05-10 00:00:00",89097
"2015-05-11 00:00:00",111374
"2015-05-12 00:00:00",110101
"2015-05-13 00:00:00",108858
"2015-05-14 00:00:00",101584
"2015-05-15 00:00:00",105160
"2015-05-16 00:00:00",90686
"2015-05-17 00:00:00",87162
"2015-05-18 00:00:00",98578
"2015-05-19 00:00:00",107346
"2015-05-20 00:00:00",106888
"2015-05-21 00:00:00",98302
"2015-05-22 00:00:00",102770
"2015-05-23 00:00:00",86279
"2015-05-24 00:00:00",94044
"2015-05-25 00:00:00",106086
"2015-05-26 00:00:00",108384
"2015-05-27 00:00:00",108089
"2015-05-28 00:00:00",110980
"2015-05-29 00:00:00",124052
"2015-05-30 00:00:00",127801
"2015-05-31 00:00:00",98784
"2015-06-01 00:00:00",128696
"2015-06-02 00:00:00",128207
"2015-06-03 00:00:00",127159
"2015-06-04 00:00:00",118346
"2015-06-05 00:00:00",110201
"2015-06-06 00:00:00",92696
"2015-06-07 00:00:00",83627
"2015-06-08 00:00:00",108173
"2015-06-09 00:00:00",121638
"2015-06-10 00:00:00",131279
"2015-06-11 00:00:00",120624
"2015-06-12 00:00:00",126945
"2015-06-13 00:00:00",105843
"2015-06-14 00:00:00",103036
"2015-06-15 00:00:00",129389
"2015-06-16 00:00:00",121541
"2015-06-17 00:00:00",133122
"2015-06-18 00:00:00",124929
"2015-06-19 00:00:00",125222
"2015-06-20 00:00:00",102012
"2015-06-21 00:00:00",96654
"2015-06-22 00:00:00",119345
"2015-06-23 00:00:00",125560
"2015-06-24 00:00:00",113093
"2015-06-25 00:00:00",111468
"2015-06-26 00:00:00",116432
"2015-06-27 00:00:00",106004
"2015-06-28 00:00:00",99145
"2015-06-29 00:00:00",124180
"2015-06-30 00:00:00",155869
"2015-07-01 00:00:00",144112
"2015-07-02 00:00:00",142153
"2015-07-03 00:00:00",129719
"2015-07-04 00:00:00",104582
"2015-07-05 00:00:00",115084
"2015-07-06 00:00:00",174070
"2015-07-07 00:00:00",190747
"2015-07-08 00:00:00",201747
"2015-07-09 00:00:00",191163
"2015-07-10 00:00:00",193020
"2015-07-11 00:00:00",186200
"2015-07-12 00:00:00",208759
"2015-07-13 00:00:00",159695
"2015-07-14 00:00:00",122618
"2015-07-15 00:00:00",115570
"2015-07-16 00:00:00",114387
"2015-07-17 00:00:00",116719
"2015-07-18 00:00:00",130695
"2015-07-19 00:00:00",120925
"2015-07-20 00:00:00",125258
"2015-07-21 00:00:00",133785
"2015-07-22 00:00:00",131259
"2015-07-23 00:00:00",109620
"2015-07-24 00:00:00",110086
"2015-07-25 00:00:00",100544
"2015-07-26 00:00:00",92776
"2015-07-27 00:00:00",115259
"2015-07-28 00:00:00",118392
"2015-07-29 00:00:00",143247
"2015-07-30 00:00:00",123577
"2015-07-31 00:00:00",147503
"2015-08-01 00:00:00",147481
"2015-08-02 00:00:00",103600
"2015-08-03 00:00:00",119844
"2015-08-04 00:00:00",132547
"2015-08-05 00:00:00",133758
"2015-08-06 00:00:00",134537
"2015-08-07 00:00:00",111345
"2015-08-08 00:00:00",101512
"2015-08-09 00:00:00",90534
"2015-08-10 00:00:00",116872
"2015-08-11 00:00:00",114779
"2015-08-12 00:00:00",117898
"2015-08-13 00:00:00",117507
"2015-08-14 00:00:00",111255
"2015-08-15 00:00:00",94944
"2015-08-16 00:00:00",89498
"2015-08-17 00:00:00",115049
"2015-08-18 00:00:00",119798
"2015-08-19 00:00:00",120151
"2015-08-20 00:00:00",118230
"2015-08-21 00:00:00",114326
"2015-08-22 00:00:00",105665
"2015-08-23 00:00:00",94529
"2015-08-24 00:00:00",125368
"2015-08-25 00:00:00",121973
"2015-08-26 00:00:00",122882
"2015-08-27 00:00:00",120079
"2015-08-28 00:00:00",120385
"2015-08-29 00:00:00",107494
"2015-08-30 00:00:00",98339
"2015-08-31 00:00:00",127260
"2015-09-01 00:00:00",130410
"2015-09-02 00:00:00",150065
"2015-09-03 00:00:00",128682
"2015-09-04 00:00:00",103973
"2015-09-05 00:00:00",124218
"2015-09-06 00:00:00",106293
"2015-09-07 00:00:00",125296
"2015-09-08 00:00:00",125379
"2015-09-09 00:00:00",126457
"2015-09-10 00:00:00",124951
"2015-09-11 00:00:00",180002
"2015-09-12 00:00:00",137841
"2015-09-13 00:00:00",146092
"2015-09-14 00:00:00",166715
"2015-09-15 00:00:00",162999
"2015-09-16 00:00:00",167269
"2015-09-17 00:00:00",259279
"2015-09-18 00:00:00",161517
"2015-09-19 00:00:00",114851
"2015-09-20 00:00:00",109158
"2015-09-21 00:00:00",131679
"2015-09-22 00:00:00",136535
"2015-09-23 00:00:00",131400
"2015-09-24 00:00:00",125367
"2015-09-25 00:00:00",128166
"2015-09-26 00:00:00",115622
"2015-09-27 00:00:00",108749
"2015-09-28 00:00:00",138570
"2015-09-29 00:00:00",140620
"2015-09-30 00:00:00",139848
"2015-10-01 00:00:00",134327
"2015-10-02 00:00:00",139746
"2015-10-03 00:00:00",119567
"2015-10-04 00:00:00",103531
"2015-10-05 00:00:00",125530
"2015-10-06 00:00:00",144474
"2015-10-07 00:00:00",134995
"2015-10-08 00:00:00",140348
"2015-10-09 00:00:00",114601
"2015-10-10 00:00:00",127005
"2015-10-11 00:00:00",104550
"2015-10-12 00:00:00",134512
"2015-10-13 00:00:00",134878
"2015-10-14 00:00:00",141985
"2015-10-15 00:00:00",153545
"2015-10-16 00:00:00",143286
"2015-10-17 00:00:00",136779
"2015-10-18 00:00:00",119706
"2015-10-19 00:00:00",144002
"2015-10-20 00:00:00",146203
"2015-10-21 00:00:00",150199
"2015-10-22 00:00:00",147402
"2015-10-23 00:00:00",143468
"2015-10-24 00:00:00",140128
"2015-10-25 00:00:00",131488
"2015-10-26 00:00:00",116400
"2015-10-27 00:00:00",153740
"2015-10-28 00:00:00",160175
"2015-10-29 00:00:00",161064
"2015-10-30 00:00:00",166695
"2015-10-31 00:00:00",155400
"2015-11-01 00:00:00",152488
"2015-11-02 00:00:00",171724
"2015-11-03 00:00:00",186362
"2015-11-04 00:00:00",204228
"2015-11-05 00:00:00",182827
"2015-11-06 00:00:00",166893
"2015-11-07 00:00:00",151497
"2015-11-08 00:00:00",132456
"2015-11-09 00:00:00",159833
"2015-11-10 00:00:00",161962
"2015-11-11 00:00:00",158861
"2015-11-12 00:00:00",157847
"2015-11-13 00:00:00",154827
"2015-11-14 00:00:00",150474
"2015-11-15 00:00:00",143369
"2015-11-16 00:00:00",158316
"2015-11-17 00:00:00",156688
"2015-11-18 00:00:00",165269
"2015-11-19 00:00:00",154483
"2015-11-20 00:00:00",155774
"2015-11-21 00:00:00",151035
"2015-11-22 00:00:00",129659
"2015-11-23 00:00:00",145239
"2015-11-24 00:00:00",152324
"2015-11-25 00:00:00",151861
"2015-11-26 00:00:00",164671
"2015-11-27 00:00:00",160235
"2015-11-28 00:00:00",165676
"2015-11-29 00:00:00",129850
"2015-11-30 00:00:00",182648
"2015-12-01 00:00:00",178112
"2015-12-02 00:00:00",183523
"2015-12-03 00:00:00",164774
"2015-12-04 00:00:00",173586
"2015-12-05 00:00:00",186194
"2015-12-06 00:00:00",179712
"2015-12-07 00:00:00",192830
"2015-12-08 00:00:00",195221
"2015-12-09 00:00:00",220323
"2015-12-10 00:00:00",212036
"2015-12-11 00:00:00",210259
"2015-12-12 00:00:00",204141
"2015-12-13 00:00:00",189914
"2015-12-14 00:00:00",231477
"2015-12-15 00:00:00",223998
"2015-12-16 00:00:00",220420
"2015-12-17 00:00:00",216297
"2015-12-18 00:00:00",213847
"2015-12-19 00:00:00",213876
"2015-12-20 00:00:00",193847
"2015-12-21 00:00:00",229444
"2015-12-22 00:00:00",222717
"2015-12-23 00:00:00",221075
"2015-12-24 00:00:00",210228
"2015-12-25 00:00:00",180452
"2015-12-26 00:00:00",179363
"2015-12-27 00:00:00",160271
"2015-12-28 00:00:00",173038
"2015-12-29 00:00:00",184618
"2015-12-30 00:00:00",176460
"2015-12-31 00:00:00",155362
"2016-01-01 00:00:00",124092
"2016-01-02 00:00:00",149038
"2016-01-03 00:00:00",142608
"2016-01-04 00:00:00",181354
"2016-01-05 00:00:00",182371
"2016-01-06 00:00:00",172090
"2016-01-07 00:00:00",190234
"2016-01-08 00:00:00",181407
"2016-01-09 00:00:00",179968
"2016-01-10 00:00:00",161317
"2016-01-11 00:00:00",191196
"2016-01-12 00:00:00",194874
"2016-01-13 00:00:00",188131
"2016-01-14 00:00:00",183182
"2016-01-15 00:00:00",183642
"2016-01-16 00:00:00",191300
"2016-01-17 00:00:00",204128
"2016-01-18 00:00:00",213905
"2016-01-19 00:00:00",186858
"2016-01-20 00:00:00",209071
"2016-01-21 00:00:00",222743
"2016-01-22 00:00:00",213683
"2016-01-23 00:00:00",190400
"2016-01-24 00:00:00",201425
"2016-01-25 00:00:00",222150
"2016-01-26 00:00:00",230523
"2016-01-27 00:00:00",229677
"2016-01-28 00:00:00",225025
"2016-01-29 00:00:00",224394
"2016-01-30 00:00:00",194794
"2016-01-31 00:00:00",110977

