Time,               Close,Daily_Transcations
2009-01-03,0,1
2009-01-04,0,0
2009-01-05,0,0
2009-01-06,0,0
2009-01-07,0,0
2009-01-08,0,0
2009-01-09,0,14
2009-01-10,0,31
2009-01-11,0,106
2009-01-12,0,95
2009-01-13,0,116
2009-01-14,0,126
2009-01-15,0,136
2009-01-16,0,117
2009-01-17,0,109
2009-01-18,0,101
2009-01-19,0,120
2009-01-20,0,118
2009-01-21,0,115
2009-01-22,0,76
2009-01-23,0,68
2009-01-24,0,201
2009-01-25,0,195
2009-01-26,0,116
2009-01-27,0,105
2009-01-28,0,103
2009-01-29,0,122
2009-01-30,0,122
2009-01-31,0,129
2009-02-01,0,118
2009-02-02,0,127
2009-02-03,0,150
2009-02-04,0,126
2009-02-05,0,121
2009-02-06,0,129
2009-02-07,0,130
2009-02-08,0,135
2009-02-09,0,129
2009-02-10,0,127
2009-02-11,0,132
2009-02-12,0,119
2009-02-13,0,124
2009-02-14,0,141
2009-02-15,0,125
2009-02-16,0,123
2009-02-17,0,119
2009-02-18,0,124
2009-02-19,0,117
2009-02-20,0,129
2009-02-21,0,110
2009-02-22,0,125
2009-02-23,0,107
2009-02-24,0,111
2009-02-25,0,107
2009-02-26,0,96
2009-02-27,0,123
2009-02-28,0,103
2009-03-01,0,107
2009-03-02,0,104
2009-03-03,0,108
2009-03-04,0,106
2009-03-05,0,108
2009-03-06,0,119
2009-03-07,0,111
2009-03-08,0,115
2009-03-09,0,113
2009-03-10,0,105
2009-03-11,0,108
2009-03-12,0,119
2009-03-13,0,115
2009-03-14,0,116
2009-03-15,0,111
2009-03-16,0,131
2009-03-17,0,115
2009-03-18,0,110
2009-03-19,0,124
2009-03-20,0,119
2009-03-21,0,77
2009-03-22,0,97
2009-03-23,0,132
2009-03-24,0,105
2009-03-25,0,116
2009-03-26,0,114
2009-03-27,0,110
2009-03-28,0,122
2009-03-29,0,112
2009-03-30,0,125
2009-03-31,0,114
2009-04-01,0,107
2009-04-02,0,120
2009-04-03,0,113
2009-04-04,0,113
2009-04-05,0,129
2009-04-06,0,117
2009-04-07,0,99
2009-04-08,0,104
2009-04-09,0,99
2009-04-10,0,103
2009-04-11,0,123
2009-04-12,0,115
2009-04-13,0,118
2009-04-14,0,127
2009-04-15,0,112
2009-04-16,0,123
2009-04-17,0,115
2009-04-18,0,125
2009-04-19,0,121
2009-04-20,0,118
2009-04-21,0,125
2009-04-22,0,121
2009-04-23,0,80
2009-04-24,0,113
2009-04-25,0,122
2009-04-26,0,111
2009-04-27,0,105
2009-04-28,0,117
2009-04-29,0,123
2009-04-30,0,133
2009-05-01,0,123
2009-05-02,0,124
2009-05-03,0,115
2009-05-04,0,125
2009-05-05,0,133
2009-05-06,0,138
2009-05-07,0,121
2009-05-08,0,122
2009-05-09,0,91
2009-05-10,0,62
2009-05-11,0,120
2009-05-12,0,127
2009-05-13,0,117
2009-05-14,0,137
2009-05-15,0,145
2009-05-16,0,115
2009-05-17,0,125
2009-05-18,0,124
2009-05-19,0,100
2009-05-20,0,104
2009-05-21,0,89
2009-05-22,0,83
2009-05-23,0,7
2009-05-24,0,96
2009-05-25,0,112
2009-05-26,0,113
2009-05-27,0,125
2009-05-28,0,103
2009-05-29,0,108
2009-05-30,0,103
2009-05-31,0,118
2009-06-01,0,74
2009-06-02,0,89
2009-06-03,0,98
2009-06-04,0,39
2009-06-05,0,57
2009-06-06,0,24
2009-06-07,0,4
2009-06-08,0,72
2009-06-09,0,94
2009-06-10,0,83
2009-06-11,0,93
2009-06-12,0,91
2009-06-13,0,74
2009-06-14,0,70
2009-06-15,0,82
2009-06-16,0,73
2009-06-17,0,77
2009-06-18,0,81
2009-06-19,0,87
2009-06-20,0,84
2009-06-21,0,75
2009-06-22,0,81
2009-06-23,0,76
2009-06-24,0,87
2009-06-25,0,74
2009-06-26,0,90
2009-06-27,0,85
2009-06-28,0,52
2009-06-29,0,76
2009-06-30,0,89
2009-07-01,0,84
2009-07-02,0,72
2009-07-03,0,84
2009-07-04,0,89
2009-07-05,0,80
2009-07-06,0,91
2009-07-07,0,63
2009-07-08,0,79
2009-07-09,0,81
2009-07-10,0,82
2009-07-11,0,84
2009-07-12,0,76
2009-07-13,0,76
2009-07-14,0,72
2009-07-15,0,46
2009-07-16,0,69
2009-07-17,0,65
2009-07-18,0,3
2009-07-19,0,52
2009-07-20,0,75
2009-07-21,0,75
2009-07-22,0,69
2009-07-23,0,66
2009-07-24,0,75
2009-07-25,0,53
2009-07-26,0,13
2009-07-27,0,64
2009-07-28,0,44
2009-07-29,0,32
2009-07-30,0,16
2009-07-31,0,12
2009-08-01,0,23
2009-08-02,0,30
2009-08-03,0,15
2009-08-04,0,58
2009-08-05,0,91
2009-08-06,0,96
2009-08-07,0,74
2009-08-08,0,83
2009-08-09,0,98
2009-08-10,0,82
2009-08-11,0,67
2009-08-12,0,68
2009-08-13,0,81
2009-08-14,0,65
2009-08-15,0,34
2009-08-16,0,25
2009-08-17,0,17
2009-08-18,0,9
2009-08-19,0,15
2009-08-20,0,24
2009-08-21,0,16
2009-08-22,0,8
2009-08-23,0,12
2009-08-24,0,8
2009-08-25,0,55
2009-08-26,0,42
2009-08-27,0,33
2009-08-28,0,64
2009-08-29,0,83
2009-08-30,0,91
2009-08-31,0,95
2009-09-01,0,79
2009-09-02,0,68
2009-09-03,0,61
2009-09-04,0,63
2009-09-05,0,71
2009-09-06,0,72
2009-09-07,0,79
2009-09-08,0,66
2009-09-09,0,58
2009-09-10,0,61
2009-09-11,0,68
2009-09-12,0,71
2009-09-13,0,70
2009-09-14,0,81
2009-09-15,0,56
2009-09-16,0,59
2009-09-17,0,84
2009-09-18,0,81
2009-09-19,0,71
2009-09-20,0,79
2009-09-21,0,74
2009-09-22,0,35
2009-09-23,0,28
2009-09-24,0,82
2009-09-25,0,102
2009-09-26,0,94
2009-09-27,0,90
2009-09-28,0,88
2009-09-29,0,85
2009-09-30,0,87
2009-10-01,0,85
2009-10-02,0,76
2009-10-03,0,58
2009-10-04,0,61
2009-10-05,0,58
2009-10-06,0,43
2009-10-07,0,51
2009-10-08,0,70
2009-10-09,0,78
2009-10-10,0,77
2009-10-11,0,79
2009-10-12,0,63
2009-10-13,0,51
2009-10-14,0,56
2009-10-15,0,85
2009-10-16,0,66
2009-10-17,0,55
2009-10-18,0,65
2009-10-19,0,99
2009-10-20,0,111
2009-10-21,0,84
2009-10-22,0,88
2009-10-23,0,87
2009-10-24,0,75
2009-10-25,0,74
2009-10-26,0,65
2009-10-27,0,67
2009-10-28,0,64
2009-10-29,0,51
2009-10-30,0,62
2009-10-31,0,45
2009-11-01,0,30
2009-11-02,0,33
2009-11-03,0,57
2009-11-04,0,62
2009-11-05,0,65
2009-11-06,0,49
2009-11-07,0,76
2009-11-08,0,70
2009-11-09,0,65
2009-11-10,0,71
2009-11-11,0,78
2009-11-12,0,70
2009-11-13,0,73
2009-11-14,0,83
2009-11-15,0,96
2009-11-16,0,100
2009-11-17,0,91
2009-11-18,0,79
2009-11-19,0,73
2009-11-20,0,84
2009-11-21,0,77
2009-11-22,0,100
2009-11-23,0,96
2009-11-24,0,102
2009-11-25,0,85
2009-11-26,0,78
2009-11-27,0,75
2009-11-28,0,78
2009-11-29,0,58
2009-11-30,0,74
2009-12-01,0,66
2009-12-02,0,99
2009-12-03,0,85
2009-12-04,0,49
2009-12-05,0,52
2009-12-06,0,108
2009-12-07,0,94
2009-12-08,0,121
2009-12-09,0,104
2009-12-10,0,106
2009-12-11,0,125
2009-12-12,0,103
2009-12-13,0,104
2009-12-14,0,113
2009-12-15,0,117
2009-12-16,0,121
2009-12-17,0,163
2009-12-18,0,201
2009-12-19,0,225
2009-12-20,0,175
2009-12-21,0,188
2009-12-22,0,152
2009-12-23,0,169
2009-12-24,0,144
2009-12-25,0,158
2009-12-26,0,159
2009-12-27,0,170
2009-12-28,0,138
2009-12-29,0,164
2009-12-30,0,156
2009-12-31,0,150
2010-01-01,0,119
2010-01-02,0,132
2010-01-03,0,163
2010-01-04,0,192
2010-01-05,0,208
2010-01-06,0,158
2010-01-07,0,159
2010-01-08,0,150
2010-01-09,0,148
2010-01-10,0,191
2010-01-11,0,154
2010-01-12,0,168
2010-01-13,0,160
2010-01-14,0,159
2010-01-15,0,137
2010-01-16,0,135
2010-01-17,0,124
2010-01-18,0,130
2010-01-19,0,120
2010-01-20,0,140
2010-01-21,0,187
2010-01-22,0,152
2010-01-23,0,152
2010-01-24,0,148
2010-01-25,0,207
2010-01-26,0,208
2010-01-27,0,178
2010-01-28,0,176
2010-01-29,0,195
2010-01-30,0,183
2010-01-31,0,210
2010-02-01,0,189
2010-02-02,0,142
2010-02-03,0,246
2010-02-04,0,235
2010-02-05,0,250
2010-02-06,0,204
2010-02-07,0,210
2010-02-08,0,221
2010-02-09,0,211
2010-02-10,0,166
2010-02-11,0,181
2010-02-12,0,193
2010-02-13,0,227
2010-02-14,0,215
2010-02-15,0,194
2010-02-16,0,182
2010-02-17,0,244
2010-02-18,0,235
2010-02-19,0,183
2010-02-20,0,224
2010-02-21,0,218
2010-02-22,0,261
2010-02-23,0,252
2010-02-24,0,196
2010-02-25,0,150
2010-02-26,0,176
2010-02-27,0,176
2010-02-28,0,165
2010-03-01,0,187
2010-03-02,0,204
2010-03-03,0,151
2010-03-04,0,187
2010-03-05,0,178
2010-03-06,0,188
2010-03-07,0,178
2010-03-08,0,141
2010-03-09,0,149
2010-03-10,0,152
2010-03-11,0,154
2010-03-12,0,119
2010-03-13,0,160
2010-03-14,0,127
2010-03-15,0,128
2010-03-16,0,138
2010-03-17,0,127
2010-03-18,0,161
2010-03-19,0,144
2010-03-20,0,203
2010-03-21,0,191
2010-03-22,0,186
2010-03-23,0,215
2010-03-24,0,187
2010-03-25,0,197
2010-03-26,0,213
2010-03-27,0,182
2010-03-28,0,198
2010-03-29,0,205
2010-03-30,0,217
2010-03-31,0,213
2010-04-01,0,198
2010-04-02,0,155
2010-04-03,0,171
2010-04-04,0,175
2010-04-05,0,179
2010-04-06,0,175
2010-04-07,0,207
2010-04-08,0,208
2010-04-09,0,189
2010-04-10,0,294
2010-04-11,0,271
2010-04-12,0,270
2010-04-13,0,190
2010-04-14,0,230
2010-04-15,0,287
2010-04-16,0,234
2010-04-17,0,242
2010-04-18,0,1337
2010-04-19,0,2296
2010-04-20,0,242
2010-04-21,0,251
2010-04-22,0,210
2010-04-23,0,198
2010-04-24,0,191
2010-04-25,0,210
2010-04-26,0,220
2010-04-27,0,225
2010-04-28,0,219
2010-04-29,0,197
2010-04-30,0,181
2010-05-01,0,187
2010-05-02,0,197
2010-05-03,0,186
2010-05-04,0,151
2010-05-05,0,191
2010-05-06,0,173
2010-05-07,0,166
2010-05-08,0,170
2010-05-09,0,193
2010-05-10,0,161
2010-05-11,0,138
2010-05-12,0,147
2010-05-13,0,164
2010-05-14,0,148
2010-05-15,0,138
2010-05-16,0,118
2010-05-17,0,173
2010-05-18,0,217
2010-05-19,0,212
2010-05-20,0,221
2010-05-21,0,230
2010-05-22,0,227
2010-05-23,0,300
2010-05-24,0,262
2010-05-25,0,267
2010-05-26,0,259
2010-05-27,0,278
2010-05-28,0,265
2010-05-29,0,262
2010-05-30,0,200
2010-05-31,0,207
2010-06-01,0,178
2010-06-02,0,182
2010-06-03,0,219
2010-06-04,0,200
2010-06-05,0,188
2010-06-06,0,201
2010-06-07,0,211
2010-06-08,0,222
2010-06-09,0,199
2010-06-10,0,224
2010-06-11,0,248
2010-06-12,0,226
2010-06-13,0,221
2010-06-14,0,246
2010-06-15,0,288
2010-06-16,0,196
2010-06-17,0,208
2010-06-18,0,184
2010-06-19,0,218
2010-06-20,0,216
2010-06-21,0,242
2010-06-22,0,235
2010-06-23,0,242
2010-06-24,0,247
2010-06-25,0,227
2010-06-26,0,205
2010-06-27,0,215
2010-06-28,0,236
2010-06-29,0,253
2010-06-30,0,283
2010-07-01,0,273
2010-07-02,0,239
2010-07-03,0,283
2010-07-04,0,245
2010-07-05,0,243
2010-07-06,0,224
2010-07-07,0,209
2010-07-08,0,240
2010-07-09,0,258
2010-07-10,0,238
2010-07-11,0,242
2010-07-12,0,1830
2010-07-13,0,1739
2010-07-14,0,5659
2010-07-15,0,1793
2010-07-16,0,1393
2010-07-17,0,462
2010-07-18,0,427
2010-07-19,0,487
2010-07-20,0,627
2010-07-21,0,465
2010-07-22,0,428
2010-07-23,0,392
2010-07-24,0,374
2010-07-25,0,2337
2010-07-26,0,468
2010-07-27,0,445
2010-07-28,0,342
2010-07-29,0,3455
2010-07-30,0,362
2010-07-31,0,295
2010-08-01,0,324
2010-08-02,0,413
2010-08-03,0,623
2010-08-04,0,375
2010-08-05,0,604
2010-08-06,0,368
2010-08-07,0,287
2010-08-08,0,323
2010-08-09,0,423
2010-08-10,0,402
2010-08-11,0,384
2010-08-12,0,407
2010-08-13,0,508
2010-08-14,0,424
2010-08-15,0,423
2010-08-16,0,318
2010-08-17,0.0769,352
2010-08-18,0.074,377
2010-08-19,0.0688,368
2010-08-20,0.0667,398
2010-08-21,0.066899,348
2010-08-22,0.0664,350
2010-08-23,0.066,389
2010-08-24,0.066889,337
2010-08-25,0.0665,396
2010-08-26,0.066499,374
2010-08-27,0.065,291
2010-08-28,0.065,348
2010-08-29,0.0648,268
2010-08-30,0.069,288
2010-08-31,0.06497,465
2010-09-01,0.0649,408
2010-09-02,0.0629,308
2010-09-03,0.0634,314
2010-09-04,0.0613,286
2010-09-05,0.0629,303
2010-09-06,0.064,298
2010-09-07,0.06185,271
2010-09-08,0.06201,292
2010-09-09,0.0624,343
2010-09-10,0.06201,378
2010-09-11,0.062,296
2010-09-12,0.064999,350
2010-09-13,0.06201,436
2010-09-14,0.0641,437
2010-09-15,0.175,450
2010-09-16,0.0619,380
2010-09-17,0.0609,379
2010-09-18,0.0609,431
2010-09-19,0.062599,339
2010-09-20,0.0634,422
2010-09-21,0.0633,636
2010-09-22,0.0628,799
2010-09-23,0.063,698
2010-09-24,0.06281,558
2010-09-25,0.0624,451
2010-09-26,0.062279,454
2010-09-27,0.062206,639
2010-09-28,0.06271,467
2010-09-29,0.06219,998
2010-09-30,0.06192,358
2010-10-01,0.061999,563
2010-10-02,0.061999,501
2010-10-03,0.0614,401
2010-10-04,0.062,414
2010-10-05,0.06301,353
2010-10-06,0.0633,408
2010-10-07,0.0638,370
2010-10-08,0.088,343
2010-10-09,0.12001,382
2010-10-10,0.12,373
2010-10-11,0.1301,348
2010-10-12,0.099,361
2010-10-13,0.095,350
2010-10-14,0.105,376
2010-10-15,0.119,333
2010-10-16,0.109,412
2010-10-17,0.1045,485
2010-10-18,0.103,517
2010-10-19,0.1024,964
2010-10-20,0.103,693
2010-10-21,0.109,602
2010-10-22,0.107,495
2010-10-23,0.10901,623
2010-10-24,0.19,473
2010-10-25,0.15,479
2010-10-26,0.19,486
2010-10-27,0.19,569
2010-10-28,0.19001,500
2010-10-29,0.191,466
2010-10-30,0.1919,444
2010-10-31,0.199,311
2010-11-01,0.1975,364
2010-11-02,0.1955,283
2010-11-03,0.275,334
2010-11-04,0.23601,339
2010-11-05,0.2399,416
2010-11-06,0.29,389
2010-11-07,0.499999,445
2010-11-08,0.37,498
2010-11-09,0.3368,458
2010-11-10,0.2667,372
2010-11-11,0.24,429
2010-11-12,0.251,296
2010-11-13,0.3,333
2010-11-14,0.299,399
2010-11-15,0.2828,1855
2010-11-16,0.2827,12087
2010-11-17,0.28,463
2010-11-18,0.289999,434
2010-11-19,0.283,7731
2010-11-20,0.289,12322
2010-11-21,0.29,10378
2010-11-22,0.282,395
2010-11-23,0.2879,338
2010-11-24,0.28299,2749
2010-11-25,0.28299,5883
2010-11-26,0.289,1542
2010-11-27,0.284399,490
2010-11-28,0.28461,457
2010-11-29,0.279,435
2010-11-30,0.275,455
2010-12-01,0.225,505
2010-12-02,0.25,472
2010-12-03,0.2553,411
2010-12-04,0.2589,402
2010-12-05,0.235,436
2010-12-06,0.225,447
2010-12-07,0.226,548
2010-12-08,0.2477,537
2010-12-09,0.2388,516
2010-12-10,0.204,382
2010-12-11,0.2275,504
2010-12-12,0.228,564
2010-12-13,0.22748,723
2010-12-14,0.23,683
2010-12-15,0.2468,610
2010-12-16,0.2459,523
2010-12-17,0.255,503
2010-12-18,0.249,466
2010-12-19,0.2499,547
2010-12-20,0.275,934
2010-12-21,0.26909,616
2010-12-22,0.267,634
2010-12-23,0.25,552
2010-12-24,0.25,578
2010-12-25,0.25,555
2010-12-26,0.269999,650
2010-12-27,0.265,507
2010-12-28,0.28,584
2010-12-29,0.301,641
2010-12-30,0.299999,542
2010-12-31,0.299999,579
2011-01-01,0.299998,594
2011-01-02,0.299996,593
2011-01-03,0.299998,853
2011-01-04,0.299899,1242
2011-01-05,0.298998,1192
2011-01-06,0.299,850
2011-01-07,0.322,880
2011-01-08,0.322898,1392
2011-01-09,0.322998,1193
2011-01-10,0.329,1358
2011-01-11,0.329,1262
2011-01-12,0.35,1233
2011-01-13,0.405,1271
2011-01-14,0.45,1285
2011-01-15,0.4,932
2011-01-16,0.4,1027
2011-01-17,0.4,816
2011-01-18,0.38679,870
2011-01-19,0.3401,967
2011-01-20,0.3675,847
2011-01-21,0.44,1047
2011-01-22,0.4299,1431
2011-01-23,0.4443,1073
2011-01-24,0.443,1334
2011-01-25,0.425,965
2011-01-26,0.425,985
2011-01-27,0.4174,900
2011-01-28,0.45,1036
2011-01-29,0.446,1290
2011-01-30,0.48,2203
2011-01-31,0.5,1815
2011-02-01,0.95,985
2011-02-02,0.840099,1004
2011-02-03,0.75,777
2011-02-04,0.88,918
2011-02-05,0.9167,887
2011-02-06,0.92,857
2011-02-07,0.90585,911
2011-02-08,0.9,842
2011-02-09,0.935,1033
2011-02-10,1.1,1866
2011-02-11,1.0065,2433
2011-02-12,1.0899,1903
2011-02-13,1.08,1841
2011-02-14,1.08,1978
2011-02-15,1.085,2267
2011-02-16,1.05019,2062
2011-02-17,1.05019,2255
2011-02-18,1.05019,2086
2011-02-19,1.02,1773
2011-02-20,0.954896,1698
2011-02-21,0.8796,1969
2011-02-22,0.869499,2152
2011-02-23,0.95,2394
2011-02-24,0.9499,1957
2011-02-25,1,2134
2011-02-26,0.988567,1964
2011-02-27,0.96,2261
2011-02-28,0.949231,1932
2011-03-01,0.97,1660
2011-03-02,0.9498,2974
2011-03-03,0.94,3002
2011-03-04,0.9392,2119
2011-03-05,0.918901,1946
2011-03-06,0.910445,1918
2011-03-07,0.909,2120
2011-03-08,0.9072,2530
2011-03-09,0.883751,1787
2011-03-10,0.87,1491
2011-03-11,0.9329,2107
2011-03-12,0.9197,2812
2011-03-13,0.9196,2475
2011-03-14,0.9,2981
2011-03-15,0.899885,2499
2011-03-16,0.89,3237
2011-03-17,0.88,3188
2011-03-18,0.850617,2759
2011-03-19,0.824,3114
2011-03-20,0.79,2674
2011-03-21,0.7883,7322
2011-03-22,0.799646,2301
2011-03-23,0.85,4368
2011-03-24,0.9,2218
2011-03-25,0.89,2087
2011-03-26,0.905,2987
2011-03-27,0.8958,2272
2011-03-28,0.8575,3420
2011-03-29,0.8,2915
2011-03-30,0.795,1625
2011-03-31,0.80098,2206
2011-04-01,0.79997,1573
2011-04-02,0.79697,1804
2011-04-03,0.7998,1603
2011-04-04,0.79,2327
2011-04-05,0.71,2272
2011-04-06,0.747844,1768
2011-04-07,0.7677,1842
2011-04-08,0.799,1700
2011-04-09,0.7676,1749
2011-04-10,0.758899,1653
2011-04-11,0.781,1879
2011-04-12,0.897,2019
2011-04-13,1,2480
2011-04-14,0.94,2968
2011-04-15,1.08999,2001
2011-04-16,1.095,1980
2011-04-17,1.085,2320
2011-04-18,1.1999,2711
2011-04-19,1.19,3567
2011-04-20,1.1979,3173
2011-04-21,1.1979,1912
2011-04-22,1.332,2262
2011-04-23,1.549,2100
2011-04-24,1.95,2496
2011-04-25,1.701,2516
2011-04-26,1.73,2753
2011-04-27,1.95,4550
2011-04-28,2.65,3618
2011-04-29,2.7,3474
2011-04-30,4.14996,4022
2011-05-01,4.09,4648
2011-05-02,3.495,2519
2011-05-03,3.49,3235
2011-05-04,3.58,2967
2011-05-05,3.5,3399
2011-05-06,3.5998,3249
2011-05-07,3.7,3889
2011-05-08,3.9,2777
2011-05-09,3.937,3560
2011-05-10,5.2,3147
2011-05-11,6.065,3272
2011-05-12,5.94998,2636
2011-05-13,8.45,4404
2011-05-14,8.9,4349
2011-05-15,8.55,3990
2011-05-16,8.5,4160
2011-05-17,8.38901,4355
2011-05-18,7.874,4997
2011-05-19,7.34,5131
2011-05-20,7.1,4803
2011-05-21,6.6036,4822
2011-05-22,6.61,5447
2011-05-23,7.45,5775
2011-05-24,7.2,5562
2011-05-25,7.51,6172
2011-05-26,9.33,6818
2011-05-27,8.92,5491
2011-05-28,8.735,5054
2011-05-29,8.4992,4725
2011-05-30,9,4835
2011-05-31,9.4998,6203
2011-06-01,9.391,6069
2011-06-02,10.57,7157
2011-06-03,14.3,8374
2011-06-04,17.41,8773
2011-06-05,18.998,8161
2011-06-06,19.23,9808
2011-06-07,19.06,8704
2011-06-08,31.9099,11394
2011-06-09,31.5,12167
2011-06-10,35,11233
2011-06-11,30,11162
2011-06-12,24.99,11668
2011-06-13,24.5,12238
2011-06-14,20.99,12602
2011-06-15,20,14172
2011-06-16,19.96,11777
2011-06-17,19.3898,11548
2011-06-18,17.2,12025
2011-06-19,18.8766,11478
2011-06-20,17.35,11278
2011-06-21,15.5,9152
2011-06-22,15.05,11810
2011-06-23,16,10512
2011-06-24,16.7501,11134
2011-06-25,17.6,9517
2011-06-26,17.51001,10298
2011-06-27,18,11438
2011-06-28,17.52,10892
2011-06-29,17.3,10158
2011-06-30,17.5,9885
2011-07-01,17,9450
2011-07-02,16.49,9454
2011-07-03,15.7,7973
2011-07-04,15.85,9495
2011-07-05,15,8481
2011-07-06,16.5,11053
2011-07-07,16.25,9392
2011-07-08,15.64276,8211
2011-07-09,15,8397
2011-07-10,15.68,8057
2011-07-11,15.1999,9867
2011-07-12,14.63988,8795
2011-07-13,14.15,9575
2011-07-14,14.1,8419
2011-07-15,14.3,8630
2011-07-16,14.1,7821
2011-07-17,13.96,9110
2011-07-18,13.6901,8185
2011-07-19,14.7,9863
2011-07-20,14.04,8545
2011-07-21,13.9389,8608
2011-07-22,13.9389,8437
2011-07-23,13.92,8034
2011-07-24,13.979999,7866
2011-07-25,14.7399,9555
2011-07-26,14.4,8401
2011-07-27,14.13,8329
2011-07-28,14,7818
2011-07-29,13.8,7460
2011-07-30,13.8,6854
2011-07-31,14.8999,7429
2011-08-01,13.5501,8032
2011-08-02,13.45,8813
2011-08-03,13.1,8054
2011-08-04,11.4876543,8251
2011-08-05,11.55,7308
2011-08-06,11,7080
2011-08-07,9.8,6725
2011-08-08,8.89,7110
2011-08-09,12.1,8638
2011-08-10,10.7,8382
2011-08-11,10.4959,8116
2011-08-12,9.89520343,7064
2011-08-13,10.05,7386
2011-08-14,11.24,7621
2011-08-15,11.89,8347
2011-08-16,11.38,9259
2011-08-17,11.3,8128
2011-08-18,11.67,7457
2011-08-19,11.81,7787
2011-08-20,11.798,7125
2011-08-21,11.59,7355
2011-08-22,11.501,7924
2011-08-23,11.49,7425
2011-08-24,11.4,7333
2011-08-25,10.96554,7082
2011-08-26,10.3,7479
2011-08-27,9.11,6988
2011-08-28,9.48,5453
2011-08-29,9.4811,7807
2011-08-30,9.15031,7846
2011-08-31,9,7280
2011-09-01,8.4493399997,7222
2011-09-02,8.4989,6917
2011-09-03,8.7138,6325
2011-09-04,8.5939999988,6612
2011-09-05,8.467,7281
2011-09-06,7.65713,7705
2011-09-07,7.59916,7178
2011-09-08,7.31509,6481
2011-09-09,6.94,7266
2011-09-10,6.2089200002,6453
2011-09-11,7.4,6301
2011-09-12,7.081,6422
2011-09-13,6.25,6564
2011-09-14,5.9900000009,6515
2011-09-15,5.69,6040
2011-09-16,5.23,6042
2011-09-17,5.022,6181
2011-09-18,5,5775
2011-09-19,5.6,6272
2011-09-20,6.795,7420
2011-09-21,6.28664,8078
2011-09-22,5.83001,6808
2011-09-23,5.70653,5820
2011-09-24,5.66,6231
2011-09-25,5.5,5671
2011-09-26,5.46014,5917
2011-09-27,5.13018,6055
2011-09-28,4.989,5795
2011-09-29,4.809,5709
2011-09-30,5.35,5762
2011-10-01,5.3,5584
2011-10-02,5.16,5145
2011-10-03,5.07546,6273
2011-10-04,5.03,5316
2011-10-05,5.025,6218
2011-10-06,4.93,6004
2011-10-07,4.85,5509
2011-10-08,4.594,5604
2011-10-09,4.389,5623
2011-10-10,4.25937,5530
2011-10-11,4.14001,5846
2011-10-12,4.20612,6498
2011-10-13,4.45,4739
2011-10-14,4.11455,5676
2011-10-15,4.05,6080
2011-10-16,3.9009000002,4878
2011-10-17,3.75996,5593
2011-10-18,2.9,5562
2011-10-19,2.64999,4810
2011-10-20,2.42,4708
2011-10-21,2.72002,5357
2011-10-22,3.3,4820
2011-10-23,3.36,5451
2011-10-24,3.2,5919
2011-10-25,3.04,5282
2011-10-26,2.876,5307
2011-10-27,3.0499,4739
2011-10-28,3.255,5111
2011-10-29,3.82717,5826
2011-10-30,3.65026,4888
2011-10-31,3.388,4956
2011-11-01,3.35,5885
2011-11-02,3.44,5750
2011-11-03,3.299,5746
2011-11-04,3.21874,6662
2011-11-05,3.21,6575
2011-11-06,3.05,5021
2011-11-07,3.0289,5329
2011-11-08,3.21,5748
2011-11-09,3.114,6627
2011-11-10,3,6364
2011-11-11,3,5439
2011-11-12,3.11,5346
2011-11-13,3.099,5088
2011-11-14,3.03,5620
2011-11-15,2.69,6442
2011-11-16,2.6,5855
2011-11-17,2.60031,5596
2011-11-18,2.38998,4818
2011-11-19,2.3,4909
2011-11-20,2.499,4796
2011-11-21,2.29,5044
2011-11-22,2.35,5371
2011-11-23,2.38,5620
2011-11-24,2.46,5020
2011-11-25,2.56,5374
2011-11-26,2.53125,5004
2011-11-27,2.4965,4794
2011-11-28,2.53899,5925
2011-11-29,2.981,6529
2011-11-30,2.959,6332
2011-12-01,3.14,6735
2011-12-02,3.138,6316
2011-12-03,3.12999,5533
2011-12-04,2.99,5290
2011-12-05,2.93,6347
2011-12-06,3.05,7021
2011-12-07,3.082,7119
2011-12-08,3.1,5787
2011-12-09,3.039,5686
2011-12-10,3.04,5794
2011-12-11,3.38,5240
2011-12-12,3.34237,4924
2011-12-13,3.3,5515
2011-12-14,3.277,5125
2011-12-15,3.1933,5476
2011-12-16,3.23,5319
2011-12-17,3.23,4819
2011-12-18,3.25,4615
2011-12-19,3.70036,5200
2011-12-20,4.5,6684
2011-12-21,4.11,5667
2011-12-22,3.99199,5818
2011-12-23,3.95,5740
2011-12-24,3.9499,4676
2011-12-25,4.3897,5307
2011-12-26,4.31259,5381
2011-12-27,4.06,5571
2011-12-28,4.18888,4969
2011-12-29,4.33,5023
2011-12-30,4.3,5024
2011-12-31,4.995,5357
2012-01-01,5.2,4523
2012-01-02,5.4999,5809
2012-01-03,5.29,5544
2012-01-04,5.6063,5636
2012-01-05,6.399,6917
2012-01-06,7.22,6361
2012-01-07,7.01556,6211
2012-01-08,7.2,6290
2012-01-09,7.2,5999
2012-01-10,6.89,6589
2012-01-11,7.138,7168
2012-01-12,6.997,6943
2012-01-13,6.8583899897,6824
2012-01-14,6.75,6734
2012-01-15,6.98999,6675
2012-01-16,7.18888,6685
2012-01-17,6.98,6545
2012-01-18,6.95,7215
2012-01-19,6.3,6464
2012-01-20,6.58,6718
2012-01-21,6.55,6771
2012-01-22,6.39,5259
2012-01-23,6.45485,5984
2012-01-24,6.515,6817
2012-01-25,6.45,8017
2012-01-26,6.2,6736
2012-01-27,5.689,6544
2012-01-28,5.74815,6095
2012-01-29,5.76,6464
2012-01-30,5.6,6019
2012-01-31,5.65,6469
2012-02-01,5.638,6900
2012-02-02,6.2,6955
2012-02-03,6.148,6943
2012-02-04,6,7597
2012-02-05,5.9625,6616
2012-02-06,5.79,6500
2012-02-07,5.70999,6799
2012-02-08,5.8494,6619
2012-02-09,5.8,7259
2012-02-10,5.92525,8642
2012-02-11,6,7624
2012-02-12,5.85,7405
2012-02-13,5.72,7514
2012-02-14,5.6,9710
2012-02-15,4.88,9511
2012-02-16,4.73368,9286
2012-02-17,4.76998,7128
2012-02-18,4.49675,6676
2012-02-19,4.33333,5932
2012-02-20,4.52,6118
2012-02-21,4.4354,6348
2012-02-22,4.54,7124
2012-02-23,4.92481,7881
2012-02-24,5.19778,7203
2012-02-25,5.07,6588
2012-02-26,5.00073,5851
2012-02-27,5.1,6475
2012-02-28,5,6627
2012-02-29,4.9,6825
2012-03-01,4.98421,6713
2012-03-02,4.98888,7696
2012-03-03,4.77995,5701
2012-03-04,4.9,6017
2012-03-05,5.04,6729
2012-03-06,5.05,6713
2012-03-07,5.07,6574
2012-03-08,5,6635
2012-03-09,4.9499,6478
2012-03-10,4.94,6054
2012-03-11,4.99,5174
2012-03-12,4.95915,5728
2012-03-13,5.41,6805
2012-03-14,5.4444,7096
2012-03-15,5.45,6577
2012-03-16,5.4,6706
2012-03-17,5.3998,7473
2012-03-18,5.37998,5745
2012-03-19,5.3099,6679
2012-03-20,4.98,6604
2012-03-21,4.87,6980
2012-03-22,4.88,6756
2012-03-23,4.83,6293
2012-03-24,4.74896,6461
2012-03-25,4.68294,6249
2012-03-26,4.73793,6469
2012-03-27,4.74,6346
2012-03-28,4.84592,7134
2012-03-29,4.86092,7526
2012-03-30,4.83,7174
2012-03-31,4.95,6286
2012-04-01,4.929,5619
2012-04-02,5.08,6086
2012-04-03,5.01,7539
2012-04-04,4.97,7479
2012-04-05,4.94486,6977
2012-04-06,4.96,7000
2012-04-07,4.98,6152
2012-04-08,4.8,6061
2012-04-09,4.8,6045
2012-04-10,4.9,8435
2012-04-11,4.8941,7485
2012-04-12,4.98,8513
2012-04-13,4.94464,7549
2012-04-14,5.03,7935
2012-04-15,4.98389,7313
2012-04-16,4.98,7846
2012-04-17,5.02207,8354
2012-04-18,5.1782,8145
2012-04-19,5.19,8023
2012-04-20,5.17,8016
2012-04-21,5.48,7770
2012-04-22,5.3287,6768
2012-04-23,5.21799,6845
2012-04-24,5.2,7395
2012-04-25,5.16,7746
2012-04-26,5.18,10043
2012-04-27,5.1372,7066
2012-04-28,5.1176,7173
2012-04-29,5.0184,8050
2012-04-30,5,9064
2012-05-01,5,10070
2012-05-02,5.1789,9373
2012-05-03,5.184,12283
2012-05-04,5.15,14376
2012-05-05,5.1495,13590
2012-05-06,5.099,12416
2012-05-07,5.0947,16283
2012-05-08,5.1,17176
2012-05-09,5.09609,18865
2012-05-10,5.125,12723
2012-05-11,5.03188,14196
2012-05-12,5,22055
2012-05-13,4.99888,14084
2012-05-14,5.036,28010
2012-05-15,5.09,20817
2012-05-16,5.08998,19677
2012-05-17,5.1345,14892
2012-05-18,5.13,21758
2012-05-19,5.14291,38132
2012-05-20,5.15,33328
2012-05-21,5.1475,29133
2012-05-22,5.12,25323
2012-05-23,5.16,26784
2012-05-24,5.2324,26020
2012-05-25,5.15,29007
2012-05-26,5.149,23982
2012-05-27,5.148,22251
2012-05-28,5.16,32526
2012-05-29,5.15889,31160
2012-05-30,5.1725,25743
2012-05-31,5.19,20951
2012-06-01,5.27,24713
2012-06-02,5.279,18570
2012-06-03,5.26466,26654
2012-06-04,5.2785,44984
2012-06-05,5.5,45318
2012-06-06,5.47,18275
2012-06-07,5.529,30567
2012-06-08,5.66,26974
2012-06-09,5.69999,31523
2012-06-10,5.62,39328
2012-06-11,5.54545,35275
2012-06-12,5.7,20796
2012-06-13,5.96,52040
2012-06-14,5.95,56997
2012-06-15,6.165,57407
2012-06-16,6.599,49313
2012-06-17,6.52999,40290
2012-06-18,6.4668,39028
2012-06-19,6.53294,38108
2012-06-20,6.64999,33475
2012-06-21,6.8,26501
2012-06-22,6.79962,25550
2012-06-23,6.65062,21659
2012-06-24,6.5915,21880
2012-06-25,6.44999,25985
2012-06-26,6.4514,32547
2012-06-27,6.55555,30636
2012-06-28,6.66897,27315
2012-06-29,6.662,22339
2012-06-30,6.693,23608
2012-07-01,6.694,18834
2012-07-02,6.75,25272
2012-07-03,6.765,22946
2012-07-04,6.55,21992
2012-07-05,6.77,22045
2012-07-06,6.73449,21962
2012-07-07,6.75,26129
2012-07-08,6.87,21697
2012-07-09,6.896,25293
2012-07-10,7.239,33442
2012-07-11,7.257,30165
2012-07-12,7.32,26493
2012-07-13,7.9,23441
2012-07-14,7.68891,25417
2012-07-15,7.64877,25886
2012-07-16,8.2899,30561
2012-07-17,9.49,34693
2012-07-18,9.39899,30733
2012-07-19,9.27491,31077
2012-07-20,9.23355,35383
2012-07-21,9.7,37598
2012-07-22,9,29975
2012-07-23,9.2,35901
2012-07-24,8.96,29945
2012-07-25,8.76998,29127
2012-07-26,8.9,30652
2012-07-27,8.95,26430
2012-07-28,8.93,33187
2012-07-29,8.889,32788
2012-07-30,9.15,38204
2012-07-31,9.44,36163
2012-08-01,9.54,34163
2012-08-02,9.8,32475
2012-08-03,11.1188,29356
2012-08-04,11.3,28166
2012-08-05,11.1869,32003
2012-08-06,11.29112,35960
2012-08-07,11.04,28636
2012-08-08,11.14999,38855
2012-08-09,12,33117
2012-08-10,11.6,27362
2012-08-11,11.59788,29979
2012-08-12,11.765,33751
2012-08-13,11.86999,49678
2012-08-14,12.17887,37605
2012-08-15,12.67,49070
2012-08-16,13.84119,49165
2012-08-17,15.4,40897
2012-08-18,15.26014,38770
2012-08-19,12,35022
2012-08-20,10.5,36248
2012-08-21,10.29999,40494
2012-08-22,10.26,40634
2012-08-23,10.25,31765
2012-08-24,10.25,30969
2012-08-25,10.25,35491
2012-08-26,10.61913,30525
2012-08-27,12.14999,31308
2012-08-28,11.3807,30838
2012-08-29,11.20999,33804
2012-08-30,10.937,31360
2012-08-31,10.8359,41495
2012-09-01,10.42,41940
2012-09-02,10.18999,31268
2012-09-03,10.5,41066
2012-09-04,10.5934,36940
2012-09-05,10.57888,41414
2012-09-06,11.17,44218
2012-09-07,11.29,32477
2012-09-08,11.21,34359
2012-09-09,11.14288,30076
2012-09-10,11.127,32055
2012-09-11,11.19401,37813
2012-09-12,11.3789,30406
2012-09-13,11.399,27899
2012-09-14,11.75,35146
2012-09-15,11.799,30340
2012-09-16,11.99,27351
2012-09-17,11.9625,25423
2012-09-18,12.09,31313
2012-09-19,12.61,32119
2012-09-20,12.68666,33825
2012-09-21,12.57001,29957
2012-09-22,12.4433,23847
2012-09-23,12.2749,24195
2012-09-24,12.29888,31279
2012-09-25,12.22909,23775
2012-09-26,12.28,31886
2012-09-27,12.46,30194
2012-09-28,12.444,29898
2012-09-29,12.49,26409
2012-09-30,12.47499,21143
2012-10-01,12.481,23803
2012-10-02,12.88,28543
2012-10-03,12.8999,32185
2012-10-04,13.0899,29518
2012-10-05,12.99,34409
2012-10-06,12.89999,35662
2012-10-07,12.7369,31676
2012-10-08,12.08,38366
2012-10-09,12.35,35903
2012-10-10,12.15,32255
2012-10-11,12.19,30081
2012-10-12,12.15,24200
2012-10-13,12.137,37278
2012-10-14,12,26981
2012-10-15,12.03,29690
2012-10-16,11.99,33464
2012-10-17,11.99,32774
2012-10-18,11.95998,28432
2012-10-19,11.967,28470
2012-10-20,11.85,27673
2012-10-21,11.7965,39774
2012-10-22,11.81,35647
2012-10-23,12,40115
2012-10-24,11.82,33568
2012-10-25,11.71,28126
2012-10-26,11.09988,22540
2012-10-27,10.83883,17488
2012-10-28,10.61,17381
2012-10-29,10.95,19144
2012-10-30,10.85,29930
2012-10-31,11.14,28602
2012-11-01,11.279,25458
2012-11-02,11.20999,27498
2012-11-03,10.60097,25264
2012-11-04,10.68,22692
2012-11-05,10.9,32202
2012-11-06,10.88997,28059
2012-11-07,11.21603,37442
2012-11-08,11.0979,34985
2012-11-09,11.07,26851
2012-11-10,10.95899,26595
2012-11-11,10.939,23728
2012-11-12,11.18,24652
2012-11-13,11.129,24841
2012-11-14,11.05,29221
2012-11-15,11.114,37743
2012-11-16,11.8,37286
2012-11-17,11.8,34273
2012-11-18,11.832,33144
2012-11-19,11.79998,35160
2012-11-20,11.84,37561
2012-11-21,11.784,41245
2012-11-22,12.28,32931
2012-11-23,12.43,31482
2012-11-24,12.4108,29169
2012-11-25,12.6,34821
2012-11-26,12.6515,34810
2012-11-27,12.52999,29528
2012-11-28,12.40712,36521
2012-11-29,12.599,39050
2012-11-30,12.65,28363
2012-12-01,12.68778,37722
2012-12-02,12.68,20555
2012-12-03,12.67901,22407
2012-12-04,12.96675,28050
2012-12-05,13.5,33176
2012-12-06,13.6888,37201
2012-12-07,13.68,32887
2012-12-08,13.55,31857
2012-12-09,13.53,32838
2012-12-10,13.55,38474
2012-12-11,13.63999,36341
2012-12-12,13.63999,35322
2012-12-13,13.79989,40260
2012-12-14,13.90119,41397
2012-12-15,13.7722,33526
2012-12-16,13.66548,33989
2012-12-17,13.498,40828
2012-12-18,13.399,46590
2012-12-19,13.399,49016
2012-12-20,13.72,36133
2012-12-21,13.6475,40658
2012-12-22,13.58998,52012
2012-12-23,13.48547,39228
2012-12-24,13.45,37099
2012-12-25,13.45,27560
2012-12-26,13.3989,35740
2012-12-27,13.47,43119
2012-12-28,13.6499,47514
2012-12-29,13.67,39248
2012-12-30,13.56998,43751
2012-12-31,13.59,34228
2013-01-01,13.561,28620
2013-01-02,13.4,38986
2013-01-03,13.464,41413
2013-01-04,13.48986,49926
2013-01-05,13.548,38931
2013-01-06,13.52999,34519
2013-01-07,13.535,40860
2013-01-08,13.83,35390
2013-01-09,13.87998,43335
2013-01-10,14.32,51393
2013-01-11,14.29999,54662
2013-01-12,14.34999,46836
2013-01-13,14.3148,46837
2013-01-14,14.3,43799
2013-01-15,14.47899,45653
2013-01-16,14.689,52197
2013-01-17,15.39,48021
2013-01-18,15.985,50896
2013-01-19,15.84304,56455
2013-01-20,15.89,41636
2013-01-21,16.98,41357
2013-01-22,17.59,40199
2013-01-23,17.5889,48267
2013-01-24,19.18999,46607
2013-01-25,18.8348,46045
2013-01-26,17.61926,53420
2013-01-27,17.99999,53451
2013-01-28,18.45,52321
2013-01-29,19.8,53617
2013-01-30,19.7,45810
2013-01-31,21.43,46104
2013-02-01,21.3,56756
2013-02-02,21.1,58834
2013-02-03,20.68,56212
2013-02-04,21.05,57480
2013-02-05,20.79,53445
2013-02-06,21.3339,44783
2013-02-07,22.15,58215
2013-02-08,22.15,65928
2013-02-09,23.69997,50847
2013-02-10,23.61458,57363
2013-02-11,24.1955,58835
2013-02-12,25.76997,58851
2013-02-13,26.09999,57398
2013-02-14,26.53092,53849
2013-02-15,26.99898,57505
2013-02-16,27.07009,51218
2013-02-17,25.6083,50400
2013-02-18,26.81565,46318
2013-02-19,28.78999,55598
2013-02-20,29.81231,57613
2013-02-21,29.80012,58996
2013-02-22,30.901,58920
2013-02-23,29.27998,59386
2013-02-24,30.29777,57795
2013-02-25,30.25001,65164
2013-02-26,31.179,62005
2013-02-27,31.40181,62952
2013-02-28,33.50001,60993
2013-03-01,34.87799,65797
2013-03-02,34.1808,60659
2013-03-03,34.10007,49631
2013-03-04,36.35,64257
2013-03-05,40.04,56039
2013-03-06,47.5,66437
2013-03-07,42.49271,62423
2013-03-08,42.98,64814
2013-03-09,46.01112,47671
2013-03-10,46.5,71330
2013-03-11,47.7397,67610
2013-03-12,45.01771,44410
2013-03-13,46.79999,56177
2013-03-14,47.27589,58832
2013-03-15,47.25005,60064
2013-03-16,47.11,43349
2013-03-17,47.4419,34164
2013-03-18,47.65,39391
2013-03-19,57.76,48705
2013-03-20,63.40967,42579
2013-03-21,73.8,53840
2013-03-22,71.5,60129
2013-03-23,63,58002
2013-03-24,70.1,49834
2013-03-25,73.88798,51011
2013-03-26,78,47247
2013-03-27,88.9,51993
2013-03-28,93.56701,57170
2013-03-29,89.05,66205
2013-03-30,90.99999,59787
2013-03-31,92.50001,44586
2013-04-01,102.51001,52469
2013-04-02,108.73,60268
2013-04-03,138.79,65172
2013-04-04,131.99899,69048
2013-04-05,143.8,56063
2013-04-06,142.49765,57200
2013-04-07,160.0997,58820
2013-04-08,184,63470
2013-04-09,237.99,61429
2013-04-10,198,68820
2013-04-11,123.40098,67725
2013-04-12,76.488,60395
2013-04-13,109.49999,55361
2013-04-14,91,53417
2013-04-15,91,55211
2013-04-16,91,65797
2013-04-17,85.59999,56164
2013-04-18,96.5,52605
2013-04-19,119.62,57863
2013-04-20,123.86,48016
2013-04-21,125,45154
2013-04-22,123.515,46737
2013-04-23,136.08099,57304
2013-04-24,153.20019,67982
2013-04-25,151.12001,61214
2013-04-26,135.601,56533
2013-04-27,128.00001,48325
2013-04-28,135.98999,40986
2013-04-29,141.50002,50009
2013-04-30,139.109,48795
2013-05-01,124.2998,50437
2013-05-02,105.00003,57278
2013-05-03,93.15,55859
2013-05-04,111.98979,48349
2013-05-05,117.89001,49419
2013-05-06,120.94999,51244
2013-05-07,106.81,59215
2013-05-08,113.95001,47359
2013-05-09,109.56154,66370
2013-05-10,117.68,67937
2013-05-11,115.4,70410
2013-05-12,114.32,69320
2013-05-13,117.50298,62190
2013-05-14,119,63287
2013-05-15,114.98499,66411
2013-05-16,115.09024,60543
2013-05-17,124.49,60896
2013-05-18,123.74995,51982
2013-05-19,121.05628,47090
2013-05-20,122.65001,50093
2013-05-21,122.5,54664
2013-05-22,122.64,53981
2013-05-23,125.67,54824
2013-05-24,131.5,55106
2013-05-25,132.69,55836
2013-05-26,134.04701,39879
2013-05-27,132.60997,52377
2013-05-28,128.321,55138
2013-05-29,129.97994,54919
2013-05-30,130.99589,57170
2013-05-31,127.34072,57616
2013-06-01,129.19945,52390
2013-06-02,120.60293,51011
2013-06-03,120.00002,52048
2013-06-04,120.56663,60118
2013-06-05,122.4051,54947
2013-06-06,120.68998,55918
2013-06-07,110.29501,54331
2013-06-08,107.8,47973
2013-06-09,98.47045,46237
2013-06-10,104.96851,42406
2013-06-11,108,51208
2013-06-12,108.16201,46417
2013-06-13,109,43302
2013-06-14,100,48124
2013-06-15,101.96998,41531
2013-06-16,100,40076
2013-06-17,100.52521,43399
2013-06-18,107.38999,47025
2013-06-19,107.835,46903
2013-06-20,111.97,49440
2013-06-21,111,52994
2013-06-22,109.09,42571
2013-06-23,107.68389,40634
2013-06-24,101.96936,40963
2013-06-25,103.86665,45588
2013-06-26,104.40565,45576
2013-06-27,102.79001,46797
2013-06-28,96.63498,48324
2013-06-29,95.85301,38973
2013-06-30,96.5,32994
2013-07-01,90.998,34053
2013-07-02,89.55,43264
2013-07-03,82.8,35351
2013-07-04,79.8,34560
2013-07-05,67.85844,36291
2013-07-06,69.34602,36979
2013-07-07,70.942,28865
2013-07-08,77.64,36912
2013-07-09,76.32791,41777
2013-07-10,78.58899,39340
2013-07-11,87.15,41040
2013-07-12,97.8,50045
2013-07-13,95.995,40313
2013-07-14,94.75,34150
2013-07-15,98.37516,36738
2013-07-16,97.01,38784
2013-07-17,97.97,39565
2013-07-18,90.40001,41257
2013-07-19,93.41082,38020
2013-07-20,91.8775,33626
2013-07-21,88.93999,36884
2013-07-22,91.788,37257
2013-07-23,95.396,39644
2013-07-24,93.6216,39963
2013-07-25,96.2,42304
2013-07-26,96.39475,41428
2013-07-27,95.20461,35987
2013-07-28,99.00001,33111
2013-07-29,101.04202,44260
2013-07-30,101.89998,39998
2013-07-31,104.95555,51919
2013-08-01,104.19,45823
2013-08-02,105.5,53174
2013-08-03,103.80001,49065
2013-08-04,104.67459,44605
2013-08-05,106.4,47903
2013-08-06,106.88378,52260
2013-08-07,105.6,57225
2013-08-08,101.9,57036
2013-08-09,102.3,53241
2013-08-10,102.61802,52040
2013-08-11,103.85001,41059
2013-08-12,104.99498,45811
2013-08-13,107.29884,53484
2013-08-14,100.03,50484
2013-08-15,98.28,59029
2013-08-16,98.51,68301
2013-08-17,98.39,59253
2013-08-18,99.02,53134
2013-08-19,102.07,69938
2013-08-20,104.59,66539
2013-08-21,109.75,63416
2013-08-22,111.01,62772
2013-08-23,107.48,59969
2013-08-24,108.79,51085
2013-08-25,112.9,45094
2013-08-26,111.8,53528
2013-08-27,117.52,61016
2013-08-28,119.25,63645
2013-08-29,119.48,61525
2013-08-30,124.79,60716
2013-08-31,132.75,52533
2013-09-01,130.82,45578
2013-09-02,131.03,50456
2013-09-03,130.45,50503
2013-09-04,126.74,51136
2013-09-05,124.51,60222
2013-09-06,122.44,63412
2013-09-07,120.15,54231
2013-09-08,118.51,46470
2013-09-09,121.66,54966
2013-09-10,123.39,53551
2013-09-11,124.1,49512
2013-09-12,128.45,50982
2013-09-13,128.29,48362
2013-09-14,124.32,47147
2013-09-15,125.46,46764
2013-09-16,126.02,50391
2013-09-17,127.56,66291
2013-09-18,127.23,64383
2013-09-19,124.1,59004
2013-09-20,123.98,58990
2013-09-21,123.5,53286
2013-09-22,122.78,52686
2013-09-23,123.02,60286
2013-09-24,122.59,63563
2013-09-25,124.18,58150
2013-09-26,123.85,54262
2013-09-27,125.6,50429
2013-09-28,126.5,44660
2013-09-29,128.1,41741
2013-09-30,125.8,42073
2013-10-01,127.11,55320
2013-10-02,104.47,60542
2013-10-03,116.95,61708
2013-10-04,122,54796
2013-10-05,121.51,47895
2013-10-06,121.6,44751
2013-10-07,123.6,43235
2013-10-08,123.84,42865
2013-10-09,126.08,46991
2013-10-10,126.43,57769
2013-10-11,126.84,54449
2013-10-12,127.53,49674
2013-10-13,129.74,51248
2013-10-14,135.69,55763
2013-10-15,139.24,57320
2013-10-16,141.83,51947
2013-10-17,143.33,45193
2013-10-18,150.59,60446
2013-10-19,165.05,54639
2013-10-20,165.71,49864
2013-10-21,177.07,58142
2013-10-22,191.78,64906
2013-10-23,199.95,54572
2013-10-24,195.78,63265
2013-10-25,172.81,59853
2013-10-26,179.71,49353
2013-10-27,189.06,44388
2013-10-28,196.25,48635
2013-10-29,202.09,51237
2013-10-30,203.39,47911
2013-10-31,201.61,56476
2013-11-01,203.24,48306
2013-11-02,204.15,41179
2013-11-03,206.85,35815
2013-11-04,225.1,42094
2013-11-05,246.63,51134
2013-11-06,258.23,55035
2013-11-07,292.32,58631
2013-11-08,325.56,59961
2013-11-09,359.76,57804
2013-11-10,296.91,57169
2013-11-11,339.38,54558
2013-11-12,353.95,58510
2013-11-13,391.64,63151
2013-11-14,416.5,70175
2013-11-15,428.24,62100
2013-11-16,433.53,51595
2013-11-17,463,48041
2013-11-18,583.16,73198
2013-11-19,559.99,93322
2013-11-20,595,77962
2013-11-21,694.95,71024
2013-11-22,761,76646
2013-11-23,837.99,75165
2013-11-24,833.16,60018
2013-11-25,814,71937
2013-11-26,844.9,80055
2013-11-27,961,91169
2013-11-28,1009,102010
2013-11-29,1083.9,90409
2013-11-30,1119.96,80868
2013-12-01,970,67175
2013-12-02,992.27,74324
2013-12-03,1060,78202
2013-12-04,1151,79738
2013-12-05,1028.34,84995
2013-12-06,894,71277
2013-12-07,727.29,75125
2013-12-08,722.99,49174
2013-12-09,871,57289
2013-12-10,936.98,67874
2013-12-11,886.2,68381
2013-12-12,845.75,59677
2013-12-13,874,59827
2013-12-14,864.7,55858
2013-12-15,848.17,51885
2013-12-16,709,63090
2013-12-17,702.05,71588
2013-12-18,576.16,81656
2013-12-19,653,68814
2013-12-20,660,69475
2013-12-21,612.5,59140
2013-12-22,637,51543
2013-12-23,639.9,52033
2013-12-24,647.27,56872
2013-12-25,658.07,57077
2013-12-26,734.42,48575
2013-12-27,715.51,55170
2013-12-28,701.61,47777
2013-12-29,714.79,49031
2013-12-30,739.1,56501
2013-12-31,731,52382
2014-01-01,746.9,41476
2014-01-02,758.01,48424
2014-01-03,806.21,63821
2014-01-04,822.38,53978
2014-01-05,896,55761
2014-01-06,934.21,67597
2014-01-07,867.38,62126
2014-01-08,825.29,62884
2014-01-09,809.17,58365
2014-01-10,827.46,56746
2014-01-11,891.85,56464
2014-01-12,851,49308
2014-01-13,807.83,54756
2014-01-14,820.75,55579
2014-01-15,847.7,60392
2014-01-16,830.9,57592
2014-01-17,793,58397
2014-01-18,801.53,53290
2014-01-19,833,49224
2014-01-20,831.72,58819
2014-01-21,822.56,71521
2014-01-22,813.05,66358
2014-01-23,813.02,63527
2014-01-24,789.1,67893
2014-01-25,806,55371
2014-01-26,826.77,51630
2014-01-27,777,60746
2014-01-28,800.2,65687
2014-01-29,803.6,61786
2014-01-30,799.37,60919
2014-01-31,802.5,61999
2014-02-01,815.99,56840
2014-02-02,819.57,50400
2014-02-03,813.8,58901
2014-02-04,809.05,65812
2014-02-05,800,67952
2014-02-06,778,69721
2014-02-07,742.78,71870
2014-02-08,707,64069
2014-02-09,710,59284
2014-02-10,665,67622
2014-02-11,670,62872
2014-02-12,667.01,62805
2014-02-13,633.99,66888
2014-02-14,672.1,76660
2014-02-15,651.42,64107
2014-02-16,623.5,56785
2014-02-17,642,57119
2014-02-18,626.77,68333
2014-02-19,623.93,66351
2014-02-20,582.7,71666
2014-02-21,566.16,73513
2014-02-22,603.98,59691
2014-02-23,626.77,58632
2014-02-24,545,68496
2014-02-25,528,84004
2014-02-26,585.38,71527
2014-02-27,585.17,71447
2014-02-28,577.97,71658
2014-03-01,571.5,63344
2014-03-02,559.88,59067
2014-03-03,666.5,72585
2014-03-04,677.61,85916
2014-03-05,664.85,74178
2014-03-06,657.02,71619
2014-03-07,621.3,69559
2014-03-08,609,71019
2014-03-09,637.99,61289
2014-03-10,621.99,66786
2014-03-11,622.9,76086
2014-03-12,642.1,76019
2014-03-13,642.61,75356
2014-03-14,636.47,68735
2014-03-15,636.29,65898
2014-03-16,634.94,58730
2014-03-17,624.7,64937
2014-03-18,627,57881
2014-03-19,608.41,67419
2014-03-20,590,72117
2014-03-21,579.99,73981
2014-03-22,557,69139
2014-03-23,567.13,56822
2014-03-24,572,67382
2014-03-25,580.02,72484
2014-03-26,585.7,69897
2014-03-27,520.2,70940
2014-03-28,503,69155
2014-03-29,499.94,54949
2014-03-30,449.02,55333
2014-03-31,457,63096
2014-04-01,479.51,64692
2014-04-02,445,66756
2014-04-03,446.31,67292
2014-04-04,446.01,65578
2014-04-05,451.84,59610
2014-04-06,459.67,47456
2014-04-07,447.74,62222
2014-04-08,454.07,70101
2014-04-09,443.1,64278
2014-04-10,401,69074
2014-04-11,427.99,66874
2014-04-12,424.98,51907
2014-04-13,405,49420
2014-04-14,453.14,64331
2014-04-15,489.91,74882
2014-04-16,511.5,68402
2014-04-17,495,67212
2014-04-18,479.98,56600
2014-04-19,499.9,56685
2014-04-20,500.19,49394
2014-04-21,496.5,57961
2014-04-22,493.33,73292
2014-04-23,487.3,72147
2014-04-24,491.6,67659
2014-04-25,459.15,78038
2014-04-26,463.88,58437
2014-04-27,440.1,50392
2014-04-28,447,62886
2014-04-29,447.7,64207
2014-04-30,449,63947
2014-05-01,460.01,60910
2014-05-02,447.51,60401
2014-05-03,434.5,56112
2014-05-04,436.21,51251
2014-05-05,427.83,63433
2014-05-06,430.33,76736
2014-05-07,446.65,70424
2014-05-08,441.5,68393
2014-05-09,452.02,67693
2014-05-10,452.42,59795
2014-05-11,435,51666
2014-05-12,441.5,70064
2014-05-13,438.95,70672
2014-05-14,447.49,70031
2014-05-15,448.99,72761
2014-05-16,449.51,68893
2014-05-17,449.08,55577
2014-05-18,447.14,50661
2014-05-19,446.42,60368
2014-05-20,485.01,69552
2014-05-21,494.87,71120
2014-05-22,523.84,71026
2014-05-23,527.47,74593
2014-05-24,521.52,58146
2014-05-25,575,53928
2014-05-26,584,65795
2014-05-27,581.87,67040
2014-05-28,574.33,72377
2014-05-29,568,65930
2014-05-30,609.03,66935
2014-05-31,620.45,55166
2014-06-01,674.98,52976
2014-06-02,631.49,61179
2014-06-03,673.9,69911
2014-06-04,644.66,66435
2014-06-05,658.72,66695
2014-06-06,655.75,64859
2014-06-07,654.3,53216
2014-06-08,652,47730
2014-06-09,650.93,56017
2014-06-10,649.89,65460
2014-06-11,639.99,61611
2014-06-12,617,61583
2014-06-13,582,65091
2014-06-14,557.92,58961
2014-06-15,560.49,53782
2014-06-16,595,65347
2014-06-17,597.65,67270
2014-06-18,604.6,66992
2014-06-19,604.32,62320
2014-06-20,593.33,59884
2014-06-21,590.99,51831
2014-06-22,596.08,50429
2014-06-23,591.5,56648
2014-06-24,585.54,64766
2014-06-25,567,63760
2014-06-26,569,62354
2014-06-27,588.97,62721
2014-06-28,597.08,56883
2014-06-29,596,52251
2014-06-30,620,62009
2014-07-01,654.45,71054
2014-07-02,654,67724
2014-07-03,644.04,63272
2014-07-04,635.49,61901
2014-07-05,632.78,48515
2014-07-06,634.49,53366
2014-07-07,621.98,59986
2014-07-08,623.7,70042
2014-07-09,624.84,70745
2014-07-10,619.78,64146
2014-07-11,630.31,59949
2014-07-12,631.98,54181
2014-07-13,630.9,53123
2014-07-14,622.8,59877
2014-07-15,623.17,69471
2014-07-16,619.48,67767
2014-07-17,626,68638
2014-07-18,629.86,62427
2014-07-19,630.92,58490
2014-07-20,623.77,54742
2014-07-21,619.14,61580
2014-07-22,621.03,66921
2014-07-23,622.01,68901
2014-07-24,601.18,64815
2014-07-25,602.59,63135
2014-07-26,595.88,57528
2014-07-27,592.51,53055
2014-07-28,586.96,59561
2014-07-29,581.5,64697
2014-07-30,573.48,64442
2014-07-31,586,67721
2014-08-01,601.94,69283
2014-08-02,591.59,59888
2014-08-03,589.79,52550
2014-08-04,593.94,63052
2014-08-05,580.21,72928
2014-08-06,581.6,78820
2014-08-07,587.24,70732
2014-08-08,589.3,69125
2014-08-09,588.61,62960
2014-08-10,588.99,58486
2014-08-11,578.97,70184
2014-08-12,569.54,78844
2014-08-13,550.14,75011
2014-08-14,521.66,81193
2014-08-15,498.16,69698
2014-08-16,509,75339
2014-08-17,491.88,59319
2014-08-18,468.19,67980
2014-08-19,487.5,75458
2014-08-20,507.3,73098
2014-08-21,525.78,75470
2014-08-22,518.25,68234
2014-08-23,503.88,60189
2014-08-24,510.75,55023
2014-08-25,503.79,66411
2014-08-26,512.79,73919
2014-08-27,514.84,74318
2014-08-28,509.39,69208
2014-08-29,511.99,67664
2014-08-30,503.88,63834
2014-08-31,477.98,59751
2014-09-01,482.59,66205
2014-09-02,483.65,71539
2014-09-03,472.76,72036
2014-09-04,486,70940
2014-09-05,485.91,67048
2014-09-06,481.09,67529
2014-09-07,480.62,59519
2014-09-08,476.61,71754
2014-09-09,466.48,79868
2014-09-10,485.03,76417
2014-09-11,469,67673
2014-09-12,470.43,66303
2014-09-13,479.86,62609
2014-09-14,475.49,66033
2014-09-15,475.3,74142
2014-09-16,468,89326
2014-09-17,448,79784
2014-09-18,428.19,79754
2014-09-19,398.89,71627
2014-09-20,415.56,62315
2014-09-21,406.3,63151
2014-09-22,400.98,68526
2014-09-23,423,71140
2014-09-24,431.91,81104
2014-09-25,408.08,77564
2014-09-26,405.14,73278
2014-09-27,400.74,66942
2014-09-28,380,62200
2014-09-29,381.94,73283
2014-09-30,382.67,78590
2014-10-01,385.27,78197
2014-10-02,375.85,74630
2014-10-03,363.75,72698
2014-10-04,336,70430
2014-10-05,293.67,66673
2014-10-06,331.2,75126
2014-10-07,330.7,78745
2014-10-08,346.26,80324
2014-10-09,378.94,78944
2014-10-10,358.97,84811
2014-10-11,359.99,65724
2014-10-12,364.83,63946
2014-10-13,381.46,75304
2014-10-14,411.89,81491
2014-10-15,394,77131
2014-10-16,378.02,74010
2014-10-17,382.83,71826
2014-10-18,389.68,69474
2014-10-19,388.99,62664
2014-10-20,384.95,78443
2014-10-21,387,81421
2014-10-22,385.1,79546
2014-10-23,363.99,79173
2014-10-24,358.46,81643
2014-10-25,348.89,73440
2014-10-26,355.43,70537
2014-10-27,356.5,80135
2014-10-28,354.94,88600
2014-10-29,343.53,90268
2014-10-30,337,93338
2014-10-31,340.95,88062
2014-11-01,327.39,74548
2014-11-02,326.41,75827
2014-11-03,325.81,84522
2014-11-04,328.72,90386
2014-11-05,341.99,89249
2014-11-06,347.96,90341
2014-11-07,342.26,89542
2014-11-08,345.84,75950
2014-11-09,356.34,72217
2014-11-10,375.87,84819
2014-11-11,365.04,87338
2014-11-12,430.07,87769
2014-11-13,406.56,100117
2014-11-14,396.56,88631
2014-11-15,373.14,74831
2014-11-16,383.65,73338
2014-11-17,378.48,85201
2014-11-18,379.91,87524
2014-11-19,374.77,87321
2014-11-20,361.7,85497
2014-11-21,356.9,86577
2014-11-22,359.8,77832
2014-11-23,362.99,75041
2014-11-24,384,83797
2014-11-25,381.03,82813
2014-11-26,371.44,90019
2014-11-27,372.62,82979
2014-11-28,376.12,85987
2014-11-29,377.22,81452
2014-11-30,375.96,80934
2014-12-01,381.72,95220
2014-12-02,381.93,100786
2014-12-03,378.25,97296
2014-12-04,371.67,100829
2014-12-05,373.98,92900
2014-12-06,374.05,83633
2014-12-07,375.73,77357
2014-12-08,367.01,84498
2014-12-09,350.29,89587
2014-12-10,350.97,90695
2014-12-11,356.1,85829
2014-12-12,355.08,80103
2014-12-13,350.31,79512
2014-12-14,353.28,73926
2014-12-15,352.15,95727
2014-12-16,336.73,98790
2014-12-17,318.2,93704
2014-12-18,317.7,103161
2014-12-19,317.63,92052
2014-12-20,325.7,91493
2014-12-21,326.93,80829
2014-12-22,332.53,89437
2014-12-23,336.96,99770
2014-12-24,327.59,89515
2014-12-25,319.31,70684
2014-12-26,328.09,71700
2014-12-27,314.45,78776
2014-12-28,317.5,74773
2014-12-29,314.49,79812
2014-12-30,313.09,85247
2014-12-31,317.4,83768
2015-01-01,315.7,58963
2015-01-02,316.15,72234
2015-01-03,302.33,82832
2015-01-04,270.93,85570
2015-01-05,276.8,93753
2015-01-06,276.8,87160
2015-01-07,276.8,92912
2015-01-08,276.8,99126
2015-01-09,276.8,105211
2015-01-10,278,105895
2015-01-11,272.25,93957
2015-01-12,270,98185
2015-01-13,230.89,99090
2015-01-14,176.5,104481
2015-01-15,218.11,115787
2015-01-16,205.35,112530
2015-01-17,197.12,89839
2015-01-18,211.18,87047
2015-01-19,212.39,94096
2015-01-20,212.99,98890
2015-01-21,215.2,100251
2015-01-22,233.9,94979
2015-01-23,233.03,87217
2015-01-24,244.64,89630
2015-01-25,247.11,82358
2015-01-26,271.47,105423
2015-01-27,266.03,99035
2015-01-28,249.25,89287
2015-01-29,233.19,88519
2015-01-30,230.11,86360
2015-01-31,229.7,83762
2015-02-01,220.72,79193
2015-02-02,223,83230
2015-02-03,236.51,93499
2015-02-04,222.56,89353
2015-02-05,217.37,90028
2015-02-06,220.47,83440
2015-02-07,225.16,86207
2015-02-08,223.5,82716
2015-02-09,220.39,95860
2015-02-10,220.16,103551
2015-02-11,221.99,98701
2015-02-12,221.83,93868
2015-02-13,239.94,107390
2015-02-14,245.31,107004
2015-02-15,243.99,85355
2015-02-16,235.86,103339
2015-02-17,244,98899
2015-02-18,234.87,104555
2015-02-19,241.59,96005
2015-02-20,243.56,96709
2015-02-21,245.66,92541
2015-02-22,236,86028
2015-02-23,237.09,96936
2015-02-24,240.1,104463
2015-02-25,238.59,104785
2015-02-26,237.5,101348
2015-02-27,254,103395
2015-02-28,252.98,90259
2015-03-01,247.56,86274
2015-03-02,263.81,102935
2015-03-03,275.8,109142
2015-03-04,281.65,104846
2015-03-05,265.63,96611
2015-03-06,272.12,96367
2015-03-07,275.83,94270
2015-03-08,273.87,86526
2015-03-09,287.48,96449
2015-03-10,294.06,112347
2015-03-11,293.29,102856
2015-03-12,297.39,97654
2015-03-13,289.51,96745
2015-03-14,284.21,88828
2015-03-15,283.57,84477
2015-03-16,290.88,97794
2015-03-17,287.02,104238
2015-03-18,265.85,102985
2015-03-19,260.62,102414
2015-03-20,259.8,103109
2015-03-21,257.83,100458
2015-03-22,260.5,84331
2015-03-23,266.07,106330
2015-03-24,247.83,96397
2015-03-25,245.68,93930
2015-03-26,251.98,98391
2015-03-27,248.63,106302
2015-03-28,251.52,90053
2015-03-29,244.05,87456
2015-03-30,245.18,102105
2015-03-31,242.92,105294
2015-04-01,242.7,126590
2015-04-02,252.44,115686
2015-04-03,254.39,103760
2015-04-04,253.77,94152
2015-04-05,257.03,94048
2015-04-06,254.7,100949
2015-04-07,255.48,111786
2015-04-08,245.89,108047
2015-04-09,244.98,117822
2015-04-10,235.71,114091
2015-04-11,236.7,103454
2015-04-12,236.76,88884
2015-04-13,225.99,105282
2015-04-14,216,113372
2015-04-15,218.96,105461
2015-04-16,229.62,104063
2015-04-17,222.67,102089
2015-04-18,222.32,100484
2015-04-19,225.72,86313
2015-04-20,224.63,115128
2015-04-21,224.88,114061
2015-04-22,237.34,113657
2015-04-23,235.48,107241
2015-04-24,230.93,110568
2015-04-25,228.6,100790
2015-04-26,218.42,93761
2015-04-27,222.59,109382
2015-04-28,222.66,112434
2015-04-29,225.69,116989
2015-04-30,235.13,114070
2015-05-01,233.43,105236
2015-05-02,234.13,96416
2015-05-03,240.51,86037
2015-05-04,236.17,94120
2015-05-05,234.66,114171
2015-05-06,235.79,113496
2015-05-07,233.99,113420
2015-05-08,244.72,108365
2015-05-09,241.08,98717
2015-05-10,239.35,90054
2015-05-11,244.19,102966
2015-05-12,241.51,114424
2015-05-13,242.72,108615
2015-05-14,238.32,101228
2015-05-15,237.6,107882
2015-05-16,236.63,93025
2015-05-17,235.78,85578
2015-05-18,236.45,97915
2015-05-19,232.04,106503
2015-05-20,234.6,107683
2015-05-21,236,99962
2015-05-22,240.5,100591
2015-05-23,238.77,92674
2015-05-24,240.46,87996
2015-05-25,235.65,105519
2015-05-26,235.94,106971
2015-05-27,235,108558
2015-05-28,236.48,109786
2015-05-29,235.87,123148
2015-05-30,231.12,132907
2015-05-31,231.95,96037
2015-06-01,222.4,116959
2015-06-02,224.83,133489
2015-06-03,226.29,125399
2015-06-04,225.54,123893
2015-06-05,224.15,109700
2015-06-06,224.49,102005
2015-06-07,222.6,88440
2015-06-08,228,94037
2015-06-09,230.1,115633
2015-06-10,228.01,133064
2015-06-11,229,125147
2015-06-12,229.98,125022
2015-06-13,230.22,112813
2015-06-14,232.05,100512
2015-06-15,236.46,122279
2015-06-16,245.35,124094
2015-06-17,249.96,133747
2015-06-18,248.25,122001
2015-06-19,246.45,125430
2015-06-20,244.08,114779
2015-06-21,242.47,91203
2015-06-22,246.35,111788
2015-06-23,243.92,128795
2015-06-24,240.64,114471
2015-06-25,241.92,113329
2015-06-26,241.19,115640
2015-06-27,248.5,108876
2015-06-28,248.76,97690
2015-06-29,253.8,117119
2015-06-30,262.53,149003
2015-07-01,257.85,150917
2015-07-02,255.06,135567
2015-07-03,255.1,138811
2015-07-04,257.92,114310
2015-07-05,270.92,101714
2015-07-06,273.37,151741
2015-07-07,267.26,201921
2015-07-08,269.68,200420
2015-07-09,270.68,187202
2015-07-10,286.98,214487
2015-07-11,293.5,171652
2015-07-12,309.3,204729
2015-07-13,289.9,176542
2015-07-14,292.87,119707
2015-07-15,290.95,122340
2015-07-16,275.76,113812
2015-07-17,277.99,118048
2015-07-18,278.08,120617
2015-07-19,276.09,134643
2015-07-20,278.26,112440
2015-07-21,278.97,123367
2015-07-22,277.54,147520
2015-07-23,276.64,111582
2015-07-24,287.3,109852
2015-07-25,287.12,106038
2015-07-26,292.33,89650
2015-07-27,290.79,111331
2015-07-28,295.24,117412
2015-07-29,290.7,136195
2015-07-30,287.56,133697
2015-07-31,284.78,133640
2015-08-01,280.72,163175
2015-08-02,280.69,98976
2015-08-03,284.39,118560
2015-08-04,285,132719
2015-08-05,282.69,130246
2015-08-06,277.1,132494
2015-08-07,279.39,124658
2015-08-08,269.89,104420
2015-08-09,265.42,88425
2015-08-10,264.07,110686
2015-08-11,265.85,116923
2015-08-12,267.89,115754
2015-08-13,265.97,118336
2015-08-14,266.99,107950
2015-08-15,265.41,106119
2015-08-16,257.47,86583
2015-08-17,257.45,108249
2015-08-18,253.91,120131
2015-08-19,233.29,122864
2015-08-20,233.23,116834
2015-08-21,233.59,116311
2015-08-22,226.04,107795
2015-08-23,228.68,93783
2015-08-24,213.24,117026
2015-08-25,222.02,125060
2015-08-26,228.84,125549
2015-08-27,228.27,116334
2015-08-28,234.17,121692
2015-08-29,228.22,113722
2015-08-30,226.47,92338
2015-08-31,230.94,117985
2015-09-01,228.32,140970
2015-09-02,230.68,137743
2015-09-03,227.42,137446
2015-09-04,230.8,95408
2015-09-05,234.67,137427
2015-09-06,240.2,106101
2015-09-07,241.31,119041
2015-09-08,243.08,126751
2015-09-09,240.08,128619
2015-09-10,239.68,122783
2015-09-11,239.93,165288
2015-09-12,235.13,153538
2015-09-13,229.86,139320
2015-09-14,230.88,163531
2015-09-15,230,165993
2015-09-16,227.86,169059
2015-09-17,234,241346
2015-09-18,232.99,188330
2015-09-19,230.71,117999
2015-09-20,230.2,105933
2015-09-21,226.56,124667
2015-09-22,229.43,136822
2015-09-23,229.95,134964
2015-09-24,233.9,124822
2015-09-25,235.79,130740
2015-09-26,233.76,119594
2015-09-27,232.85,107256
2015-09-28,238.94,130885
2015-09-29,237.68,139440
2015-09-30,237.91,141351
2015-10-01,238.98,135885
2015-10-02,237.78,135941
2015-10-03,239.17,132880
2015-10-04,239.47,100858
2015-10-05,239.22,117528
2015-10-06,246.67,142346
2015-10-07,245.25,139516
2015-10-08,243.91,139590
2015-10-09,244.78,119490
2015-10-10,245.79,128618
2015-10-11,248.08,105878
2015-10-12,246.63,126927
2015-10-13,249.58,133757
2015-10-14,254.6,136259
2015-10-15,254.73,157228
2015-10-16,262.31,143885
2015-10-17,269.07,139308
2015-10-18,262.44,120858
2015-10-19,264.16,136583
2015-10-20,269.8,138080
2015-10-21,269.1,161031
2015-10-22,273.95,149891
2015-10-23,277.43,146222
2015-10-24,279.9,140827
2015-10-25,295.01,128209
2015-10-26,284.95,126041
2015-10-27,294.73,141609
2015-10-28,298.95,154774
2015-10-29,310.36,165622
2015-10-30,329.2,164938
2015-10-31,310.92,155292
2015-11-01,311.5,156648
2015-11-02,340.69,159656
2015-11-03,409,178027
2015-11-04,437.05,211121
2015-11-05,400,189326
2015-11-06,388.38,165214
2015-11-07,387.38,161595
2015-11-08,381.51,134785
2015-11-09,378.8,152795
2015-11-10,353.58,154030
2015-11-11,309.9,171159
2015-11-12,331.6,154219
2015-11-13,332.2,156988
2015-11-14,331.9,156065
2015-11-15,322.33,138467
2015-11-16,329.32,150942
2015-11-17,335.95,158254
2015-11-18,334.46,168587
2015-11-19,329,154561
2015-11-20,320.62,155128
2015-11-21,325.56,158852
2015-11-22,322.33,126564
2015-11-23,324.49,142698
2015-11-24,321.1,150056
2015-11-25,325,152463
2015-11-26,348,164730
2015-11-27,359.54,156739
2015-11-28,353.88,171602
2015-11-29,363.98,130758
2015-11-30,372.53,172183
2015-12-01,359.32,184404
2015-12-02,360.98,177277
2015-12-03,362.49,170317
2015-12-04,360.88,160944
2015-12-05,377.72,200213
2015-12-06,390.04,179777
2015-12-07,395.58,185788
2015-12-08,394.99,192097
2015-12-09,414.01,222503
2015-12-10,415.64,211452
2015-12-11,444.29,211198
2015-12-12,426.06,211456
2015-12-13,438.79,186151
2015-12-14,445.6,221499
2015-12-15,459.48,227706
2015-12-16,454.43,222531
2015-12-17,453.39,219600
2015-12-18,458.95,214387
2015-12-19,461.16,216944
2015-12-20,434.98,191441
2015-12-21,438.7,222112
2015-12-22,435.98,223130
2015-12-23,441.4,221289
2015-12-24,453.95,227189
2015-12-25,454.98,184124
2015-12-26,417.99,170904
2015-12-27,418.46,156554
2015-12-28,423.98,166837
2015-12-29,431.13,187040
2015-12-30,428,181836
2015-12-31,429.34,164132
2016-01-01,432.33,123623
2016-01-02,433.94,142904
2016-01-03,428.13,141064
2016-01-04,433,170176
2016-01-05,431.9,187012
2016-01-06,430.75,177478
2016-01-07,453.71,177873
2016-01-08,447.04,190001
2016-01-09,450.15,178374
2016-01-10,446.24,164687
2016-01-11,447.11,179771
2016-01-12,446.66,196656
2016-01-13,429.57,191628
2016-01-14,431.9,183390
2016-01-15,391.62,185105
2016-01-16,370.4,190301
2016-01-17,385.45,192731
2016-01-18,385.28,213934
2016-01-19,378.66,205735
2016-01-20,408.33,196033
2016-01-21,408,210240
2016-01-22,385.7,226106
2016-01-23,388.5,200913
2016-01-24,404.75,193572
2016-01-25,387.09,210592
2016-01-26,394.12,236175
2016-01-27,394.45,226385
2016-01-28,382.44,231454
2016-01-29,377.26,222622
2016-01-30,378.24,209984
2016-01-31,377.98,179849
